year,region,prevalence_adult_est,prevalence_adult_lb,prevalence_adult_ub,prevalence_youngwomen_est,prevalence_youngwomen_lb,prevalence_youngwomen_ub,prevalence_youngmen_est,prevalence_youngmen_lb,prevalence_youngmen_ub,AIDSdeath_all_est,AIDSdeath_all_lb,AIDSdeath_all_ub,AIDSdeath_child_est,AIDSdeath_child_lb,AIDSdeath_child_ub,AIDSdeath_adult_est,AIDSdeath_adult_lb,AIDSdeath_adult_ub,PLWHIV_child_est,PLWHIV_child_lb,PLWHIV_child_ub,PLWHIV_women_est,PLWHIV_women_lb,PLWHIV_women_ub,PLWHIV_adult_est,PLWHIV_adult_lb,PLWHIV_adult_ub,PLWHIV_all_est,PLWHIV_all_lb,PLWHIV_all_ub,incidence_adult_est,incidence_adult_lb,incidence_adult_ub,incidence_all_est,incidence_all_lb,incidence_all_ub,newinfection_child_est,newinfection_child_lb,newinfection_child_ub,newinfection_adult_est,newinfection_adult_lb,newinfection_adult_ub,newinfection_all_est,newinfection_all_lb,newinfection_all_ub,supressedinfection_all.est,supressedinfection_all_lb,supressedinfection_all_ub
1990,Global,0.3,0.2,0.3,0.3,0.2,0.4,0.2,0.1,0.2,390000,300000,550000,130000,88000,190000,260000,200000,370000,570000,440000,770000,770000,3400000,4700000,8600000,7300000,10000000,9200000,7800000,10700000,0.74,0.55,0.97,0.46,0.34,0.6,270000,180000,420000,2100000,1600000,2800000,2400000,1800000,3100000,NA,NA,NA
1991,Global,0.4,0.3,0.4,0.3,0.2,0.5,0.2,0.1,0.3,500000,380000,700000,160000,110000,230000,340000,260000,490000,710000,550000,970000,970000,4200000,5800000,10500000,8900000,12200000,11200000,9500000,13100000,0.8,0.6,1.06,0.5,0.38,0.66,320000,220000,500000,2300000,1700000,3100000,2600000,2000000,3500000,NA,NA,NA
1992,Global,0.4,0.3,0.5,0.4,0.2,0.5,0.2,0.1,0.3,630000,480000,880000,190000,130000,270000,440000,330000,620000,870000,680000,1200000,1200000,5100000,7000000,12500000,10600000,14500000,13300000,11300000,15600000,0.85,0.63,1.12,0.54,0.4,0.71,370000,250000,570000,2500000,1900000,3300000,2900000,2200000,3800000,NA,NA,NA
1993,Global,0.5,0.4,0.5,0.4,0.3,0.6,0.2,0.2,0.3,760000,580000,1100000,220000,150000,320000,550000,410000,770000,1000000,810000,1400000,1400000,6000000,8200000,14400000,12200000,16800000,15400000,13100000,18100000,0.87,0.65,1.15,0.56,0.42,0.74,410000,280000,630000,2600000,2000000,3500000,3000000,2300000,4000000,NA,NA,NA
1994,Global,0.5,0.4,0.6,0.5,0.3,0.7,0.3,0.2,0.4,910000,690000,1300000,250000,160000,360000,660000,500000,940000,1200000,950000,1700000,1700000,6800000,9400000,16400000,13900000,19100000,17600000,14900000,20600000,0.91,0.68,1.2,0.59,0.44,0.78,450000,300000,690000,2800000,2100000,3700000,3200000,2400000,4300000,NA,NA,NA
1995,Global,0.6,0.5,0.7,0.5,0.3,0.7,0.3,0.2,0.4,1100000,810000,1500000,270000,180000,390000,780000,590000,1100000,1400000,1100000,1900000,1900000,7700000,10600000,18200000,15400000,21200000,19600000,16700000,23000000,0.89,0.66,1.18,0.58,0.44,0.77,480000,320000,740000,2800000,2100000,3700000,3200000,2500000,4300000,0.4,0.34,0.47
1996,Global,0.6,0.5,0.7,0.6,0.3,0.8,0.3,0.2,0.4,1200000,920000,1700000,290000,190000,420000,910000,680000,1300000,1600000,1200000,2200000,2200000,8400000,11700000,19900000,16900000,23200000,21500000,18200000,25100000,0.86,0.64,1.14,0.57,0.43,0.76,500000,340000,780000,2700000,2100000,3600000,3200000,2400000,4300000,0.45,0.38,0.52
1997,Global,0.6,0.5,0.7,0.6,0.3,0.8,0.3,0.2,0.4,1300000,1000000,1900000,310000,210000,450000,1000000,770000,1500000,1800000,1400000,2400000,2400000,9100000,12600000,21400000,18100000,24900000,23200000,19700000,27100000,0.83,0.62,1.1,0.56,0.42,0.74,520000,350000,810000,2700000,2000000,3500000,3200000,2400000,4200000,0.5,0.42,0.58
1998,Global,0.7,0.6,0.8,0.6,0.3,0.8,0.3,0.2,0.4,1500000,1100000,2100000,330000,220000,470000,1100000,860000,1600000,1900000,1500000,2600000,2600000,9700000,13400000,22600000,19200000,26400000,24600000,20900000,28700000,0.79,0.59,1.04,0.53,0.4,0.71,530000,360000,820000,2500000,1900000,3400000,3100000,2300000,4100000,0.54,0.46,0.63
1999,Global,0.7,0.6,0.8,0.6,0.3,0.8,0.3,0.2,0.4,1600000,1200000,2200000,340000,230000,490000,1300000,950000,1800000,2100000,1600000,2900000,2900000,10200000,14100000,23600000,20000000,27500000,25700000,21800000,30100000,0.74,0.55,0.98,0.5,0.38,0.67,540000,360000,830000,2400000,1800000,3200000,3000000,2200000,3900000,0.58,0.49,0.68
2000,Global,0.7,0.6,0.8,0.6,0.3,0.8,0.3,0.2,0.4,1700000,1300000,2400000,350000,230000,510000,1400000,1000000,2000000,2200000,1700000,3100000,3100000,10600000,14600000,24400000,20700000,28400000,26600000,22600000,31200000,0.69,0.52,0.92,0.48,0.36,0.63,530000,360000,830000,2300000,1700000,3100000,2800000,2200000,3800000,0.63,0.53,0.73
2001,Global,0.7,0.6,0.8,0.6,0.3,0.8,0.3,0.2,0.4,1800000,1400000,2600000,360000,240000,520000,1500000,1100000,2100000,2400000,1800000,3200000,3200000,10900000,15000000,25000000,21100000,29100000,27300000,23200000,32000000,0.65,0.49,0.87,0.45,0.34,0.6,530000,360000,820000,2200000,1700000,2900000,2700000,2100000,3600000,0.67,0.57,0.78
2002,Global,0.7,0.6,0.8,0.5,0.3,0.8,0.3,0.2,0.3,1900000,1500000,2700000,360000,240000,520000,1600000,1200000,2200000,2500000,1900000,3400000,3400000,11100000,15300000,25400000,21500000,29600000,27900000,23600000,32600000,0.62,0.46,0.82,0.43,0.33,0.58,520000,350000,810000,2100000,1600000,2800000,2600000,2000000,3500000,0.71,0.6,0.83
2003,Global,0.7,0.6,0.8,0.5,0.3,0.7,0.2,0.2,0.3,2000000,1500000,2800000,360000,240000,520000,1600000,1200000,2300000,2600000,2000000,3500000,3500000,11300000,15500000,25700000,21800000,29900000,28300000,24000000,33100000,0.59,0.44,0.79,0.42,0.31,0.55,510000,350000,800000,2100000,1600000,2700000,2600000,2000000,3400000,NA,NA,NA
2004,Global,0.7,0.6,0.8,0.5,0.3,0.7,0.2,0.2,0.3,2000000,1500000,2800000,360000,240000,520000,1700000,1300000,2400000,2600000,2000000,3600000,3600000,11400000,15700000,26000000,22000000,30200000,28600000,24300000,33400000,0.57,0.43,0.76,0.4,0.3,0.53,500000,340000,780000,2000000,1500000,2700000,2500000,1900000,3300000,NA,NA,NA
2005,Global,0.7,0.6,0.8,0.5,0.3,0.7,0.2,0.2,0.3,2000000,1500000,2700000,350000,230000,510000,1600000,1200000,2300000,2700000,2100000,3700000,3700000,11500000,15900000,26200000,22200000,30500000,28900000,24500000,33800000,0.55,0.41,0.73,0.39,0.29,0.51,480000,330000,750000,2000000,1500000,2600000,2500000,1900000,3300000,NA,NA,NA
2006,Global,0.7,0.6,0.8,0.5,0.3,0.7,0.2,0.1,0.3,1900000,1400000,2600000,340000,230000,490000,1500000,1100000,2200000,2700000,2100000,3700000,3700000,11700000,16100000,26500000,22500000,30900000,29200000,24800000,34200000,0.53,0.4,0.7,0.37,0.28,0.49,450000,300000,690000,1900000,1500000,2600000,2400000,1800000,3100000,NA,NA,NA
2007,Global,0.7,0.6,0.8,0.5,0.3,0.6,0.2,0.1,0.3,1700000,1300000,2400000,320000,210000,460000,1400000,1000000,2000000,2700000,2100000,3700000,3700000,11900000,16400000,27000000,22900000,31400000,29700000,25200000,34700000,0.51,0.38,0.68,0.35,0.26,0.47,410000,280000,640000,1900000,1400000,2500000,2300000,1700000,3000000,NA,NA,NA
2008,Global,0.7,0.6,0.8,0.5,0.3,0.6,0.2,0.1,0.3,1500000,1200000,2100000,290000,190000,420000,1200000,940000,1800000,2600000,2100000,3600000,3600000,12100000,16800000,27600000,23400000,32100000,30200000,25600000,35300000,0.5,0.37,0.66,0.34,0.25,0.45,370000,250000,580000,1900000,1400000,2500000,2200000,1700000,3000000,0.31,0.25,0.37
2009,Global,0.7,0.6,0.8,0.4,0.3,0.6,0.2,0.1,0.3,1400000,1100000,2000000,260000,170000,380000,1100000,860000,1600000,2600000,2000000,3500000,3500000,12400000,17200000,28200000,23900000,32800000,30800000,26100000,36000000,0.49,0.36,0.64,0.32,0.24,0.43,340000,230000,520000,1800000,1400000,2400000,2200000,1600000,2900000,0.36,0.3,0.43
2010,Global,0.7,0.6,0.8,0.4,0.3,0.6,0.2,0.1,0.3,1300000,970000,1800000,230000,160000,340000,1000000,790000,1500000,2500000,2000000,3500000,3500000,12800000,17700000,28900000,24500000,33700000,31500000,26700000,36800000,0.47,0.35,0.63,0.31,0.23,0.42,310000,210000,490000,1800000,1400000,2400000,2100000,1600000,2800000,0.4,0.33,0.48
2011,Global,0.7,0.6,0.8,0.4,0.2,0.6,0.2,0.1,0.3,1200000,900000,1700000,210000,140000,310000,970000,730000,1400000,2500000,1900000,3400000,3400000,13200000,18200000,29700000,25200000,34600000,32200000,27300000,37700000,0.46,0.34,0.61,0.3,0.23,0.4,280000,190000,440000,1800000,1300000,2400000,2100000,1600000,2700000,0.46,0.38,0.55
2012,Global,0.7,0.6,0.8,0.4,0.2,0.6,0.2,0.1,0.3,1100000,840000,1500000,190000,130000,280000,910000,690000,1300000,2400000,1900000,3300000,3300000,13600000,18700000,30500000,25900000,35500000,32900000,27900000,38500000,0.45,0.33,0.6,0.29,0.22,0.38,250000,170000,390000,1800000,1300000,2300000,2000000,1500000,2700000,0.52,0.43,0.62
2013,Global,0.7,0.6,0.8,0.4,0.2,0.6,0.2,0.1,0.3,1000000,780000,1400000,170000,110000,250000,850000,640000,1200000,2300000,1800000,3200000,3200000,14000000,19300000,31300000,26500000,36500000,33700000,28600000,39400000,0.43,0.32,0.57,0.27,0.21,0.36,230000,160000,360000,1700000,1300000,2300000,1900000,1500000,2600000,NA,NA,NA
2014,Global,0.7,0.6,0.8,0.4,0.2,0.6,0.2,0.1,0.3,950000,720000,1300000,150000,100000,220000,790000,600000,1100000,2200000,1700000,3100000,3100000,14400000,19800000,32100000,27200000,37400000,34400000,29200000,40200000,0.42,0.31,0.55,0.26,0.2,0.35,220000,150000,330000,1700000,1200000,2200000,1900000,1400000,2500000,0.56,0.46,0.68
2015,Global,0.7,0.6,0.9,0.4,0.2,0.6,0.2,0.1,0.3,900000,690000,1300000,140000,94000,200000,760000,570000,1100000,2200000,1700000,3000000,3000000,14800000,20400000,32900000,27900000,38400000,35100000,29800000,41100000,0.4,0.3,0.53,0.25,0.19,0.33,200000,140000,310000,1600000,1200000,2100000,1800000,1400000,2400000,NA,NA,NA
2016,Global,0.7,0.6,0.9,0.4,0.2,0.6,0.2,0.1,0.3,850000,650000,1200000,130000,84000,180000,720000,540000,1000000,2100000,1600000,2800000,2800000,15200000,20900000,33700000,28600000,39300000,35800000,30400000,41900000,0.39,0.29,0.51,0.24,0.18,0.32,190000,130000,300000,1600000,1200000,2100000,1800000,1300000,2300000,0.19,0.16,0.22
2017,Global,0.7,0.6,0.9,0.4,0.2,0.6,0.2,0.1,0.3,800000,610000,1100000,120000,80000,170000,680000,520000,970000,2000000,1600000,2700000,2700000,15500000,21500000,34500000,29200000,40100000,36500000,31000000,42700000,0.37,0.27,0.49,0.23,0.17,0.3,180000,120000,280000,1500000,1100000,2000000,1700000,1300000,2200000,0.23,0.2,0.28
2018,Global,0.7,0.6,0.9,0.4,0.2,0.5,0.2,0.1,0.3,760000,580000,1100000,110000,74000,160000,650000,490000,920000,1900000,1500000,2600000,2600000,15900000,21900000,35200000,29800000,41000000,37100000,31500000,43400000,0.35,0.26,0.47,0.22,0.16,0.29,170000,110000,260000,1400000,1100000,1900000,1600000,1200000,2100000,0.28,0.24,0.34
2019,Global,0.7,0.6,0.9,0.4,0.2,0.5,0.2,0.1,0.3,720000,550000,1000000,100000,70000,150000,620000,460000,870000,1800000,1400000,2500000,2500000,16200000,22400000,35900000,30400000,41800000,37700000,32000000,44100000,0.33,0.25,0.44,0.2,0.15,0.27,160000,110000,250000,1400000,1000000,1800000,1500000,1200000,2000000,0.34,0.28,0.4
2020,Global,0.7,0.6,0.8,0.4,0.2,0.5,0.2,0.1,0.3,690000,520000,960000,100000,67000,150000,580000,440000,830000,1700000,1300000,2400000,2400000,16500000,22800000,36500000,31000000,42500000,38300000,32500000,44700000,0.31,0.23,0.42,0.19,0.14,0.26,150000,100000,240000,1300000,990000,1700000,1500000,1100000,1900000,0.4,0.33,0.47
2021,Global,0.7,0.6,0.8,0.3,0.2,0.5,0.2,0.1,0.3,660000,500000,920000,91000,61000,130000,560000,430000,800000,1600000,1300000,2200000,2200000,16700000,23100000,37000000,31400000,43100000,38700000,32800000,45200000,0.3,0.22,0.39,0.18,0.14,0.24,140000,96000,220000,1300000,950000,1700000,1400000,1100000,1800000,0.45,0.38,0.53
2022,Global,0.7,0.6,0.8,0.3,0.2,0.5,0.2,0.1,0.3,630000,480000,880000,84000,56000,120000,540000,410000,770000,1500000,1200000,2100000,2100000,16900000,23400000,37500000,31800000,43600000,39000000,33100000,45700000,0.28,0.21,0.37,0.17,0.13,0.23,130000,90000,210000,1200000,900000,1600000,1300000,1000000,1700000,0.5,0.42,0.6
1990,Asia and the Pacific,0.1,0.1,0.1,0.1,0.1,0.1,0.1,0.1,0.1,18000,12000,26000,3900,2400,5900,14000,9700,20000,14000,11000,17000,17000,170000,240000,900000,740000,1100000,920000,760000,1100000,0.25,0.18,0.33,0.15,0.11,0.19,11000,7400,15000,410000,310000,550000,420000,320000,570000,0.56,0.47,0.66
1991,Asia and the Pacific,0.1,0.1,0.1,0.1,0.1,0.1,0.1,0.1,0.2,30000,21000,43000,6200,3900,9500,24000,17000,35000,23000,18000,28000,28000,270000,390000,1400000,1100000,1600000,1400000,1100000,1700000,0.28,0.2,0.38,0.17,0.13,0.23,16000,11000,23000,490000,360000,660000,510000,380000,680000,0.6,0.5,0.71
1992,Asia and the Pacific,0.1,0.1,0.1,0.1,0.1,0.1,0.1,0.1,0.2,47000,33000,68000,9100,5700,14000,38000,27000,55000,34000,28000,42000,42000,410000,580000,1900000,1500000,2300000,1900000,1600000,2300000,0.32,0.23,0.43,0.2,0.14,0.26,22000,15000,32000,570000,420000,760000,590000,440000,790000,0.64,0.54,0.76
1993,Asia and the Pacific,0.1,0.1,0.2,0.1,0.1,0.1,0.2,0.1,0.2,70000,49000,100000,12000,7700,19000,57000,40000,83000,49000,40000,60000,60000,560000,810000,2400000,2000000,2900000,2500000,2000000,3000000,0.34,0.24,0.46,0.21,0.16,0.28,29000,20000,41000,620000,460000,830000,650000,480000,870000,0.68,0.57,0.81
1994,Asia and the Pacific,0.2,0.1,0.2,0.1,0.1,0.1,0.2,0.1,0.3,98000,69000,140000,16000,10000,25000,82000,57000,120000,67000,54000,82000,82000,760000,1100000,3100000,2500000,3700000,3100000,2600000,3800000,0.41,0.29,0.55,0.25,0.19,0.34,36000,25000,52000,750000,560000,1000000,790000,590000,1100000,0.73,0.62,0.87
1995,Asia and the Pacific,0.2,0.2,0.2,0.1,0.1,0.1,0.2,0.1,0.3,130000,93000,190000,20000,12000,30000,110000,79000,160000,87000,71000,110000,110000,960000,1400000,3700000,3000000,4400000,3800000,3100000,4500000,0.39,0.28,0.53,0.25,0.18,0.33,42000,29000,60000,740000,550000,990000,780000,580000,1100000,0.77,0.65,0.91
1996,Asia and the Pacific,0.2,0.2,0.3,0.1,0.1,0.2,0.2,0.1,0.3,170000,120000,250000,23000,14000,35000,150000,100000,210000,110000,88000,130000,130000,1100000,1600000,4200000,3500000,5100000,4300000,3600000,5200000,0.37,0.26,0.5,0.24,0.18,0.32,46000,32000,66000,710000,530000,960000,760000,570000,1000000,NA,NA,NA
1997,Asia and the Pacific,0.2,0.2,0.3,0.1,0.1,0.2,0.2,0.1,0.3,210000,150000,300000,26000,16000,39000,180000,130000,270000,130000,100000,160000,160000,1300000,1900000,4700000,3800000,5600000,4800000,3900000,5800000,0.35,0.25,0.47,0.22,0.17,0.3,49000,34000,70000,680000,500000,910000,730000,540000,980000,NA,NA,NA
1998,Asia and the Pacific,0.2,0.2,0.3,0.1,0.1,0.2,0.2,0.1,0.3,250000,180000,360000,27000,17000,42000,220000,160000,330000,150000,120000,180000,180000,1500000,2100000,5000000,4100000,6000000,5200000,4300000,6200000,0.31,0.22,0.42,0.2,0.15,0.27,49000,34000,70000,620000,460000,830000,670000,490000,890000,NA,NA,NA
1999,Asia and the Pacific,0.3,0.2,0.3,0.1,0.1,0.2,0.2,0.1,0.2,290000,200000,420000,28000,18000,43000,260000,180000,380000,170000,140000,200000,200000,1600000,2200000,5300000,4300000,6300000,5400000,4500000,6500000,0.27,0.19,0.36,0.18,0.13,0.23,47000,32000,68000,540000,400000,720000,580000,430000,780000,NA,NA,NA
2000,Asia and the Pacific,0.3,0.2,0.3,0.1,0.1,0.2,0.2,0.1,0.2,330000,230000,480000,28000,18000,43000,300000,210000,440000,180000,150000,220000,220000,1600000,2300000,5400000,4400000,6500000,5600000,4600000,6700000,0.23,0.17,0.32,0.15,0.11,0.2,44000,30000,63000,480000,350000,640000,520000,390000,700000,NA,NA,NA
2001,Asia and the Pacific,0.3,0.2,0.3,0.1,0.1,0.1,0.1,0.1,0.2,360000,250000,530000,28000,18000,43000,340000,230000,490000,190000,160000,240000,240000,1600000,2400000,5500000,4500000,6500000,5700000,4700000,6800000,0.21,0.15,0.29,0.14,0.1,0.19,41000,28000,59000,440000,320000,580000,480000,350000,640000,0.21,0.19,0.23
2002,Asia and the Pacific,0.3,0.2,0.3,0.1,0.1,0.1,0.1,0.1,0.2,390000,270000,560000,28000,17000,43000,360000,250000,530000,200000,170000,250000,250000,1700000,2400000,5500000,4500000,6600000,5700000,4700000,6800000,0.2,0.14,0.27,0.13,0.1,0.17,39000,27000,55000,410000,300000,550000,450000,330000,600000,0.26,0.23,0.28
2003,Asia and the Pacific,0.2,0.2,0.3,0.1,0.1,0.1,0.1,0.1,0.2,410000,290000,590000,27000,17000,41000,380000,270000,560000,210000,170000,260000,260000,1700000,2400000,5500000,4500000,6600000,5700000,4700000,6800000,0.19,0.13,0.25,0.12,0.09,0.16,36000,25000,51000,390000,290000,520000,420000,320000,570000,0.31,0.27,0.33
2004,Asia and the Pacific,0.2,0.2,0.3,0.1,0.1,0.1,0.1,0.1,0.2,420000,300000,610000,26000,16000,40000,400000,280000,570000,220000,180000,270000,270000,1700000,2400000,5400000,4500000,6500000,5700000,4700000,6800000,0.18,0.13,0.24,0.12,0.09,0.15,34000,23000,48000,380000,280000,510000,410000,310000,550000,0.37,0.33,0.4
2005,Asia and the Pacific,0.2,0.2,0.3,0.1,0.1,0.1,0.1,0.1,0.2,420000,290000,600000,25000,16000,38000,390000,270000,570000,220000,180000,270000,270000,1700000,2400000,5400000,4400000,6500000,5600000,4600000,6700000,0.17,0.12,0.24,0.11,0.08,0.15,31000,21000,44000,370000,280000,500000,400000,300000,540000,0.4,0.36,0.44
2006,Asia and the Pacific,0.2,0.2,0.3,0.1,0.1,0.1,0.1,0.1,0.1,400000,280000,580000,24000,15000,37000,380000,260000,550000,220000,180000,270000,270000,1600000,2400000,5400000,4400000,6400000,5600000,4600000,6700000,0.17,0.12,0.23,0.11,0.08,0.14,29000,20000,41000,360000,270000,490000,390000,290000,530000,0.45,0.41,0.5
2007,Asia and the Pacific,0.2,0.2,0.3,0.1,0.1,0.1,0.1,0.1,0.1,380000,270000,550000,23000,14000,35000,360000,250000,520000,220000,180000,270000,270000,1600000,2300000,5400000,4400000,6400000,5600000,4600000,6700000,0.16,0.12,0.22,0.1,0.08,0.14,27000,18000,38000,350000,260000,470000,380000,280000,510000,0.46,0.41,0.5
2008,Asia and the Pacific,0.2,0.2,0.3,0.1,0.1,0.1,0.1,0.1,0.1,350000,250000,510000,22000,14000,33000,330000,230000,480000,210000,170000,260000,260000,1600000,2400000,5300000,4400000,6400000,5600000,4600000,6700000,0.15,0.11,0.21,0.1,0.07,0.13,25000,17000,35000,340000,250000,460000,370000,270000,490000,0.48,0.43,0.53
2009,Asia and the Pacific,0.2,0.2,0.3,0.1,0.1,0.1,0.1,0.1,0.1,330000,230000,470000,20000,12000,30000,310000,210000,440000,210000,170000,250000,250000,1600000,2400000,5400000,4400000,6400000,5600000,4600000,6700000,0.15,0.11,0.2,0.09,0.07,0.13,23000,16000,33000,330000,250000,440000,350000,260000,470000,NA,NA,NA
2010,Asia and the Pacific,0.2,0.2,0.3,0.1,0.1,0.1,0.1,0.1,0.1,300000,210000,440000,18000,11000,27000,290000,200000,410000,200000,160000,250000,250000,1700000,2400000,5400000,4400000,6500000,5600000,4600000,6700000,0.14,0.1,0.19,0.09,0.07,0.12,22000,15000,31000,320000,240000,430000,350000,260000,460000,NA,NA,NA
2011,Asia and the Pacific,0.2,0.2,0.3,0.1,0.1,0.1,0.1,0.1,0.1,280000,200000,410000,16000,10000,25000,270000,190000,390000,190000,160000,240000,240000,1700000,2400000,5400000,4500000,6500000,5600000,4600000,6800000,0.14,0.1,0.19,0.09,0.06,0.12,21000,14000,30000,320000,240000,430000,340000,250000,450000,NA,NA,NA
2012,Asia and the Pacific,0.2,0.2,0.3,0.1,0.1,0.1,0.1,0.1,0.1,260000,180000,380000,15000,9100,22000,250000,170000,360000,180000,150000,230000,230000,1700000,2400000,5500000,4500000,6600000,5700000,4700000,6800000,0.13,0.1,0.18,0.09,0.06,0.11,20000,14000,29000,310000,230000,420000,330000,250000,450000,NA,NA,NA
2013,Asia and the Pacific,0.2,0.2,0.3,0.1,0.1,0.1,0.1,0.1,0.1,240000,170000,350000,14000,8500,21000,230000,160000,330000,180000,140000,220000,220000,1700000,2500000,5500000,4600000,6600000,5700000,4700000,6800000,0.13,0.09,0.18,0.08,0.06,0.11,18000,13000,26000,300000,220000,400000,320000,240000,430000,NA,NA,NA
2014,Asia and the Pacific,0.2,0.2,0.3,0.1,0.1,0.1,0.1,0.1,0.1,230000,160000,330000,12000,7800,19000,210000,150000,310000,170000,140000,210000,210000,1700000,2500000,5600000,4600000,6700000,5800000,4700000,6900000,0.13,0.09,0.17,0.08,0.06,0.11,17000,12000,25000,300000,220000,400000,310000,230000,420000,0.45,0.4,0.5
2015,Asia and the Pacific,0.2,0.2,0.3,0.1,0.1,0.1,0.1,0.1,0.1,220000,150000,310000,11000,7100,17000,210000,140000,300000,160000,130000,200000,200000,1800000,2500000,5700000,4700000,6800000,5800000,4800000,7000000,0.12,0.09,0.17,0.08,0.06,0.1,16000,11000,24000,290000,220000,390000,310000,230000,410000,0.48,0.43,0.53
2016,Asia and the Pacific,0.2,0.2,0.3,0.1,0.1,0.1,0.1,0.1,0.1,200000,140000,290000,11000,6600,16000,190000,130000,280000,150000,130000,190000,190000,1800000,2600000,5700000,4700000,6900000,5900000,4900000,7100000,0.12,0.09,0.16,0.08,0.06,0.1,16000,11000,23000,290000,210000,390000,300000,230000,410000,0.51,0.46,0.57
2017,Asia and the Pacific,0.2,0.2,0.3,0.1,0.1,0.1,0.1,0.1,0.1,190000,130000,270000,9700,6100,15000,180000,130000,260000,150000,120000,180000,180000,1800000,2600000,5800000,4800000,7000000,6000000,4900000,7200000,0.12,0.09,0.16,0.07,0.05,0.1,15000,11000,22000,290000,210000,380000,300000,220000,400000,0.55,0.49,0.61
2018,Asia and the Pacific,0.2,0.2,0.3,0.1,0.1,0.1,0.1,0.1,0.1,170000,120000,250000,9300,5800,14000,170000,120000,240000,140000,120000,180000,180000,1900000,2600000,5900000,4900000,7100000,6100000,5000000,7300000,0.12,0.08,0.16,0.07,0.05,0.1,15000,10000,21000,280000,210000,380000,300000,220000,400000,0.59,0.53,0.66
2019,Asia and the Pacific,0.2,0.2,0.3,0.1,0.1,0.1,0.1,0.1,0.1,160000,110000,230000,9000,5700,14000,150000,100000,210000,140000,110000,170000,170000,1900000,2700000,6000000,5000000,7200000,6200000,5100000,7400000,0.12,0.08,0.16,0.07,0.05,0.09,15000,10000,21000,280000,210000,380000,290000,220000,400000,0.62,0.56,0.69
2020,Asia and the Pacific,0.2,0.2,0.3,0.1,0.1,0.1,0.1,0.1,0.1,150000,110000,220000,8400,5300,13000,140000,99000,210000,140000,110000,170000,170000,1900000,2700000,6100000,5100000,7400000,6300000,5200000,7500000,0.12,0.08,0.16,0.07,0.05,0.09,15000,10000,21000,280000,210000,380000,290000,220000,400000,0.64,0.57,0.71
2021,Asia and the Pacific,0.2,0.2,0.3,0.1,0.1,0.1,0.1,0.1,0.1,150000,110000,220000,8000,5000,12000,150000,100000,210000,130000,110000,160000,160000,1900000,2800000,6300000,5100000,7500000,6400000,5300000,7700000,0.12,0.08,0.16,0.07,0.05,0.09,14000,9500,20000,280000,210000,380000,300000,220000,400000,0.66,0.59,0.74
2022,Asia and the Pacific,0.2,0.2,0.3,0.1,0.1,0.1,0.1,0.1,0.1,150000,110000,220000,7500,4700,11000,140000,100000,210000,130000,110000,160000,160000,2000000,2800000,6400000,5200000,7600000,6500000,5300000,7800000,0.12,0.08,0.16,0.07,0.05,0.09,12000,8600,18000,290000,210000,380000,300000,220000,400000,NA,NA,NA
1990,Eastern and southern Africa,4.1,3.3,4.7,4.2,2.2,5.8,1.6,1,2.1,220000,170000,320000,87000,55000,140000,130000,100000,190000,370000,290000,550000,550000,2100000,3000000,4500000,3800000,5300000,4900000,4100000,5700000,10.5,7.65,14.02,5.84,4.26,7.92,180000,120000,320000,1100000,800000,1400000,1300000,940000,1700000,NA,NA,NA
1991,Eastern and southern Africa,4.8,3.9,5.6,4.8,2.5,6.8,1.8,1.1,2.4,270000,220000,400000,110000,66000,160000,170000,130000,250000,470000,360000,690000,690000,2600000,3600000,5500000,4600000,6400000,5900000,5000000,7000000,11.4,8.31,15.23,6.37,4.65,8.64,210000,140000,370000,1200000,890000,1600000,1400000,1100000,1900000,NA,NA,NA
1992,Eastern and southern Africa,5.5,4.5,6.4,5.5,2.9,7.6,2,1.2,2.6,340000,270000,500000,120000,78000,190000,220000,170000,330000,570000,440000,840000,840000,3100000,4400000,6500000,5400000,7600000,7000000,5900000,8300000,11.91,8.67,15.89,6.69,4.89,9.08,230000,150000,420000,1300000,950000,1700000,1500000,1100000,2000000,NA,NA,NA
1993,Eastern and southern Africa,6.1,5.1,7.1,6,3.1,8.4,2.1,1.3,2.8,410000,330000,610000,140000,89000,220000,270000,210000,410000,680000,520000,1000000,1000000,3600000,5100000,7500000,6300000,8700000,8200000,6800000,9600000,12.12,8.81,16.15,6.87,5.01,9.31,260000,170000,460000,1300000,990000,1800000,1600000,1200000,2100000,NA,NA,NA
1994,Eastern and southern Africa,6.7,5.5,7.8,6.4,3.4,9,2.2,1.4,3,490000,390000,720000,160000,99000,250000,330000,260000,500000,780000,600000,1100000,1100000,4100000,5700000,8300000,7000000,9700000,9100000,7700000,10800000,11.94,8.73,16,6.84,5.02,9.32,280000,180000,500000,1300000,990000,1800000,1600000,1200000,2200000,0.24,0.2,0.28
1995,Eastern and southern Africa,7.2,5.9,8.3,6.8,3.6,9.5,2.3,1.5,3.1,570000,450000,830000,170000,110000,270000,400000,310000,590000,900000,690000,1300000,1300000,4500000,6300000,9200000,7700000,10800000,10100000,8500000,11900000,11.64,8.45,15.5,6.74,4.91,9.13,300000,190000,530000,1300000,980000,1800000,1600000,1200000,2200000,0.28,0.24,0.33
1996,Eastern and southern Africa,7.5,6.2,8.8,7,3.7,9.8,2.4,1.5,3.2,650000,510000,950000,180000,120000,290000,460000,360000,690000,1000000,780000,1500000,1500000,4900000,6900000,10000000,8400000,11700000,11000000,9300000,13000000,11.23,8.15,14.94,6.58,4.79,8.9,310000,200000,560000,1300000,970000,1700000,1600000,1200000,2200000,0.31,0.27,0.37
1997,Eastern and southern Africa,7.8,6.4,9.1,7.1,3.7,9.9,2.4,1.5,3.2,730000,570000,1100000,200000,120000,310000,530000,420000,800000,1100000,860000,1600000,1600000,5300000,7400000,10700000,9000000,12500000,11800000,9900000,14000000,10.8,7.85,14.38,6.39,4.66,8.66,320000,210000,580000,1300000,960000,1700000,1600000,1200000,2200000,0.36,0.31,0.42
1998,Eastern and southern Africa,8,6.6,9.3,7.1,3.7,9.9,2.4,1.5,3.1,810000,640000,1200000,210000,130000,320000,600000,470000,900000,1200000,940000,1800000,1800000,5600000,7900000,11300000,9500000,13200000,12500000,10500000,14800000,10.28,7.48,13.71,6.15,4.49,8.34,330000,220000,590000,1300000,940000,1700000,1600000,1200000,2100000,0.39,0.34,0.46
1999,Eastern and southern Africa,8.1,6.7,9.4,7,3.6,9.7,2.3,1.5,3.1,880000,690000,1300000,220000,140000,340000,670000,520000,990000,1300000,1000000,1900000,1900000,5900000,8300000,11800000,9900000,13800000,13100000,11000000,15400000,9.78,7.1,13.02,5.91,4.32,8.02,340000,220000,600000,1200000,920000,1700000,1600000,1200000,2100000,0.42,0.36,0.49
2000,Eastern and southern Africa,8.2,6.7,9.5,6.8,3.6,9.5,2.3,1.4,3,940000,740000,1400000,220000,140000,350000,720000,560000,1100000,1400000,1100000,2100000,2100000,6100000,8600000,12200000,10200000,14200000,13600000,11400000,16000000,9.31,6.76,12.39,5.68,4.14,7.69,340000,220000,600000,1200000,900000,1600000,1500000,1200000,2100000,0.44,0.38,0.51
2001,Eastern and southern Africa,8.1,6.7,9.5,6.6,3.5,9.3,2.2,1.4,2.9,1000000,790000,1500000,230000,140000,360000,770000,600000,1200000,1500000,1200000,2200000,2200000,6300000,8900000,12500000,10500000,14600000,14000000,11800000,16500000,8.76,6.36,11.66,5.4,3.94,7.31,340000,220000,600000,1200000,870000,1600000,1500000,1100000,2000000,0.45,0.39,0.53
2002,Eastern and southern Africa,8.1,6.7,9.4,6.4,3.4,8.9,2.2,1.4,2.9,1000000,820000,1500000,230000,150000,360000,820000,640000,1200000,1600000,1200000,2300000,2300000,6500000,9100000,12700000,10700000,14900000,14300000,12000000,16900000,8.25,5.99,10.98,5.13,3.74,6.95,330000,220000,600000,1100000,840000,1500000,1500000,1100000,2000000,0.11,0.1,0.13
2003,Eastern and southern Africa,8,6.6,9.2,6.1,3.2,8.6,2.1,1.3,2.8,1100000,850000,1600000,230000,140000,360000,850000,660000,1300000,1600000,1300000,2400000,2400000,6600000,9200000,12900000,10800000,15100000,14600000,12200000,17200000,7.79,5.65,10.36,4.89,3.57,6.62,330000,220000,590000,1100000,820000,1500000,1400000,1100000,1900000,0.14,0.12,0.16
2004,Eastern and southern Africa,7.8,6.5,9.1,5.9,3.1,8.3,2,1.3,2.7,1100000,850000,1600000,230000,140000,360000,850000,670000,1300000,1700000,1300000,2500000,2500000,6700000,9400000,13100000,11000000,15300000,14800000,12400000,17500000,7.37,5.35,9.8,4.66,3.4,6.31,330000,220000,590000,1100000,800000,1400000,1400000,1100000,1900000,0.17,0.15,0.2
2005,Eastern and southern Africa,7.7,6.3,8.9,5.7,3,7.9,2,1.3,2.6,1000000,820000,1500000,230000,140000,360000,820000,640000,1200000,1700000,1300000,2500000,2500000,6800000,9500000,13300000,11100000,15600000,15000000,12600000,17700000,6.94,5.04,9.23,4.4,3.21,5.96,320000,210000,560000,1000000,780000,1400000,1400000,1000000,1800000,0.21,0.18,0.24
2006,Eastern and southern Africa,7.6,6.3,8.8,5.4,2.9,7.6,1.9,1.2,2.5,970000,770000,1400000,220000,140000,340000,750000,590000,1100000,1700000,1300000,2500000,2500000,6900000,9700000,13500000,11300000,15800000,15200000,12800000,18000000,6.57,4.77,8.74,4.13,3.01,5.59,290000,190000,520000,1000000,760000,1400000,1300000,980000,1800000,0.24,0.21,0.28
2007,Eastern and southern Africa,7.5,6.2,8.7,5.2,2.7,7.3,1.9,1.2,2.5,870000,680000,1300000,200000,130000,320000,670000,520000,990000,1700000,1300000,2500000,2500000,7100000,10000000,13800000,11600000,16200000,15600000,13100000,18400000,6.24,4.53,8.3,3.87,2.82,5.23,260000,170000,470000,1000000,740000,1300000,1300000,950000,1700000,0.25,0.22,0.29
2008,Eastern and southern Africa,7.5,6.2,8.7,5.1,2.6,7.1,1.8,1.2,2.4,760000,600000,1100000,180000,110000,280000,580000,450000,860000,1700000,1300000,2500000,2500000,7300000,10300000,14200000,11900000,16600000,15900000,13400000,18800000,5.96,4.32,7.92,3.63,2.65,4.92,240000,150000,420000,980000,730000,1300000,1200000,910000,1600000,0.3,0.26,0.35
2009,Eastern and southern Africa,7.4,6.1,8.6,4.9,2.6,6.8,1.8,1.2,2.4,680000,540000,1000000,160000,99000,250000,520000,410000,780000,1700000,1300000,2500000,2500000,7500000,10600000,14600000,12300000,17100000,16300000,13700000,19300000,5.69,4.13,7.57,3.42,2.49,4.63,210000,140000,370000,970000,720000,1300000,1200000,880000,1600000,0.35,0.31,0.41
2010,Eastern and southern Africa,7.4,6.1,8.6,4.7,2.5,6.6,1.8,1.1,2.4,600000,470000,880000,140000,87000,220000,460000,360000,690000,1700000,1300000,2400000,2400000,7800000,11000000,15100000,12700000,17700000,16800000,14100000,19800000,5.43,3.94,7.22,3.24,2.36,4.38,190000,130000,340000,950000,710000,1300000,1100000,860000,1500000,0.38,0.34,0.44
2011,Eastern and southern Africa,7.4,6.1,8.6,4.5,2.4,6.4,1.8,1.1,2.3,540000,420000,780000,120000,77000,190000,410000,320000,620000,1600000,1200000,2400000,2400000,8100000,11400000,15600000,13100000,18300000,17300000,14500000,20400000,5.14,3.73,6.83,3.02,2.2,4.09,170000,110000,300000,930000,690000,1200000,1100000,820000,1500000,0.43,0.38,0.5
2012,Eastern and southern Africa,7.3,6,8.5,4.4,2.3,6.1,1.7,1.1,2.3,490000,390000,720000,110000,67000,170000,380000,300000,570000,1600000,1200000,2300000,2300000,8400000,11800000,16200000,13600000,18900000,17700000,14900000,20900000,4.87,3.53,6.48,2.82,2.05,3.82,140000,93000,250000,910000,680000,1200000,1100000,790000,1400000,0.53,0.46,0.61
2013,Eastern and southern Africa,7.3,6,8.5,4.2,2.2,5.9,1.7,1.1,2.2,440000,350000,650000,92000,58000,140000,350000,270000,520000,1500000,1200000,2200000,2200000,8700000,12200000,16700000,14000000,19500000,18200000,15300000,21500000,4.55,3.3,6.05,2.63,1.92,3.57,130000,88000,240000,880000,650000,1200000,1000000,760000,1400000,0.64,0.56,0.74
2014,Eastern and southern Africa,7.2,6,8.4,4.1,2.1,5.7,1.6,1,2.2,400000,320000,590000,81000,51000,130000,320000,250000,480000,1500000,1100000,2100000,2100000,9000000,12600000,17200000,14400000,20100000,18700000,15700000,22000000,4.19,3.04,5.57,2.43,1.77,3.29,120000,81000,220000,830000,620000,1100000,960000,720000,1300000,0.71,0.62,0.82
2015,Eastern and southern Africa,7.2,5.9,8.3,3.9,2,5.5,1.6,1,2.1,370000,290000,540000,74000,46000,120000,300000,230000,440000,1400000,1100000,2100000,2100000,9300000,13000000,17700000,14800000,20700000,19100000,16100000,22600000,3.84,2.78,5.1,2.22,1.61,3,110000,72000,200000,790000,590000,1100000,900000,670000,1200000,NA,NA,NA
2016,Eastern and southern Africa,7.1,5.8,8.2,3.7,1.9,5.2,1.5,1,2,350000,270000,510000,64000,40000,100000,280000,220000,420000,1400000,1000000,2000000,2000000,9500000,13400000,18200000,15200000,21200000,19500000,16400000,23000000,3.49,2.53,4.64,2.03,1.48,2.75,110000,70000,190000,740000,550000,990000,850000,630000,1100000,NA,NA,NA
2017,Eastern and southern Africa,6.9,5.7,8,3.5,1.8,4.9,1.5,0.9,2,330000,260000,480000,59000,37000,93000,270000,210000,400000,1300000,1000000,1900000,1900000,9800000,13700000,18600000,15600000,21700000,19900000,16700000,23400000,3.1,2.25,4.13,1.81,1.32,2.45,94000,62000,170000,680000,510000,910000,770000,580000,1000000,NA,NA,NA
2018,Eastern and southern Africa,6.8,5.6,7.9,3.3,1.7,4.6,1.4,0.9,1.9,310000,240000,450000,53000,33000,83000,250000,200000,380000,1200000,940000,1800000,1800000,10000000,14100000,18900000,15900000,22100000,20200000,16900000,23800000,2.79,2.02,3.71,1.62,1.18,2.19,80000,53000,140000,630000,470000,840000,710000,530000,950000,NA,NA,NA
2019,Eastern and southern Africa,6.6,5.4,7.7,3.1,1.6,4.4,1.4,0.9,1.8,290000,230000,430000,49000,31000,76000,250000,190000,370000,1200000,880000,1700000,1700000,10200000,14400000,19300000,16100000,22500000,20400000,17100000,24100000,2.48,1.8,3.3,1.45,1.06,1.96,74000,48000,130000,580000,430000,770000,650000,490000,880000,NA,NA,NA
2020,Eastern and southern Africa,6.4,5.3,7.4,2.9,1.5,4.1,1.3,0.8,1.7,280000,220000,410000,45000,28000,70000,240000,190000,360000,1100000,820000,1600000,1600000,10400000,14600000,19500000,16400000,22800000,20600000,17300000,24300000,2.22,1.61,2.95,1.3,0.95,1.77,68000,45000,120000,530000,400000,720000,600000,450000,810000,0.61,0.52,0.7
2021,Eastern and southern Africa,6.2,5.1,7.2,2.7,1.4,3.8,1.2,0.8,1.6,270000,210000,390000,39000,25000,61000,230000,180000,340000,1000000,770000,1500000,1500000,10500000,14800000,19700000,16500000,23000000,20700000,17400000,24400000,1.97,1.43,2.62,1.17,0.85,1.59,64000,42000,110000,490000,370000,660000,560000,420000,750000,0.64,0.54,0.73
2022,Eastern and southern Africa,5.9,4.9,6.9,2.5,1.3,3.5,1.2,0.7,1.6,260000,200000,370000,35000,22000,55000,220000,170000,330000,930000,710000,1400000,1400000,10600000,14900000,19800000,16600000,23200000,20800000,17400000,24500000,1.7,1.24,2.27,1.02,0.75,1.39,58000,38000,100000,440000,330000,590000,500000,370000,670000,0.66,0.55,0.75
1990,Eastern Europe and central Asia,0.1,0.1,0.1,0.1,0.1,0.1,0.1,0.1,0.1,4000,3100,4900,NA,NA,NA,3600,2800,4400,NA,NA,NA,NA,21000,26000,92000,83000,100000,93000,84000,100000,0.08,0.07,0.09,0.04,0.04,0.05,NA,NA,NA,12000,10000,14000,12000,10000,14000,0.68,0.57,0.78
1991,Eastern Europe and central Asia,0.1,0.1,0.1,0.1,0.1,0.1,0.1,0.1,0.1,4700,3700,5700,NA,NA,NA,4300,3400,5300,NA,NA,NA,NA,23000,28000,98000,89000,110000,100000,90000,110000,0.08,0.06,0.09,0.04,0.03,0.05,NA,NA,NA,11000,9400,13000,12000,9800,13000,0.69,0.58,0.79
1992,Eastern Europe and central Asia,0.1,0.1,0.1,0.1,0.1,0.1,0.1,0.1,0.1,5400,4300,6600,NA,NA,NA,5000,3900,6100,NA,NA,NA,NA,25000,31000,110000,95000,120000,110000,96000,120000,0.08,0.07,0.09,0.04,0.04,0.05,NA,NA,NA,12000,10000,14000,13000,11000,15000,NA,NA,NA
1993,Eastern Europe and central Asia,0.1,0.1,0.1,0.1,0.1,0.1,0.1,0.1,0.1,6200,4900,7500,NA,NA,NA,5800,4500,7000,NA,NA,NA,NA,29000,36000,120000,100000,130000,120000,110000,130000,0.11,0.1,0.13,0.06,0.05,0.07,NA,NA,NA,17000,14000,19000,17000,15000,20000,0.7,0.59,0.81
1994,Eastern Europe and central Asia,0.1,0.1,0.1,0.1,0.1,0.1,0.1,0.1,0.1,7000,5500,8600,NA,NA,NA,6600,5100,8000,NA,NA,NA,NA,36000,44000,130000,120000,150000,140000,120000,150000,0.17,0.14,0.19,0.09,0.07,0.1,NA,NA,NA,25000,21000,29000,26000,22000,30000,NA,NA,NA
1995,Eastern Europe and central Asia,0.1,0.1,0.1,0.1,0.1,0.1,0.1,0.1,0.1,8000,6300,9800,NA,NA,NA,7400,5800,9100,NA,NA,NA,NA,47000,57000,160000,140000,180000,160000,150000,180000,0.24,0.2,0.27,0.13,0.11,0.14,NA,NA,NA,36000,30000,41000,37000,31000,42000,NA,NA,NA
1996,Eastern Europe and central Asia,0.1,0.1,0.1,0.1,0.1,0.1,0.1,0.1,0.1,9300,7300,11000,NA,NA,NA,8500,6700,10000,NA,NA,NA,NA,61000,75000,200000,180000,220000,200000,180000,220000,0.32,0.27,0.36,0.17,0.14,0.2,NA,NA,NA,49000,41000,56000,50000,42000,57000,NA,NA,NA
1997,Eastern Europe and central Asia,0.2,0.1,0.2,0.1,0.1,0.1,0.1,0.1,0.2,11000,8500,13000,NA,NA,NA,9900,7700,12000,NA,NA,NA,NA,78000,95000,240000,220000,270000,250000,220000,270000,0.36,0.3,0.4,0.19,0.16,0.22,NA,NA,NA,56000,47000,64000,57000,48000,66000,NA,NA,NA
1998,Eastern Europe and central Asia,0.2,0.2,0.2,0.1,0.1,0.1,0.2,0.1,0.2,13000,9900,15000,NA,NA,NA,12000,9000,14000,NA,NA,NA,NA,94000,110000,290000,260000,310000,290000,260000,320000,0.36,0.31,0.41,0.2,0.17,0.23,NA,NA,NA,56000,48000,65000,58000,49000,67000,NA,NA,NA
1999,Eastern Europe and central Asia,0.2,0.2,0.2,0.1,0.1,0.2,0.2,0.1,0.2,15000,12000,18000,NA,NA,NA,13000,11000,16000,NA,NA,NA,NA,110000,130000,330000,300000,360000,330000,300000,360000,0.36,0.31,0.41,0.2,0.17,0.23,NA,NA,NA,57000,48000,66000,59000,50000,67000,NA,NA,NA
2000,Eastern Europe and central Asia,0.2,0.2,0.2,0.1,0.1,0.2,0.2,0.1,0.2,17000,13000,21000,NA,NA,NA,16000,12000,19000,NA,NA,NA,NA,120000,150000,370000,330000,400000,370000,340000,410000,0.37,0.31,0.41,0.2,0.17,0.24,NA,NA,NA,58000,49000,67000,60000,50000,69000,0.26,0.22,0.3
2001,Eastern Europe and central Asia,0.2,0.2,0.3,0.1,0.1,0.2,0.2,0.1,0.2,19000,15000,24000,NA,NA,NA,18000,14000,22000,NA,NA,NA,NA,140000,170000,410000,370000,440000,410000,370000,450000,0.37,0.31,0.41,0.21,0.17,0.24,NA,NA,NA,58000,49000,67000,60000,51000,69000,0.27,0.23,0.31
2002,Eastern Europe and central Asia,0.3,0.2,0.3,0.1,0.1,0.2,0.2,0.1,0.2,22000,17000,27000,NA,NA,NA,21000,16000,25000,NA,NA,NA,NA,150000,180000,440000,400000,480000,450000,400000,490000,0.37,0.32,0.42,0.21,0.18,0.24,NA,NA,NA,60000,50000,69000,61000,52000,71000,0.33,0.29,0.39
2003,Eastern Europe and central Asia,0.3,0.3,0.3,0.1,0.1,0.2,0.2,0.1,0.2,25000,20000,30000,NA,NA,NA,24000,18000,29000,NA,NA,NA,NA,160000,190000,480000,430000,520000,490000,440000,530000,0.39,0.33,0.44,0.22,0.19,0.26,NA,NA,NA,63000,53000,72000,64000,54000,74000,0.39,0.34,0.46
2004,Eastern Europe and central Asia,0.3,0.3,0.3,0.1,0.1,0.2,0.2,0.1,0.2,28000,22000,34000,NA,NA,NA,26000,21000,32000,NA,NA,NA,NA,170000,210000,520000,460000,560000,520000,470000,570000,0.42,0.36,0.47,0.24,0.2,0.28,NA,NA,NA,68000,57000,78000,70000,59000,80000,0.45,0.39,0.52
2005,Eastern Europe and central Asia,0.3,0.3,0.4,0.1,0.1,0.2,0.2,0.2,0.2,30000,24000,37000,NA,NA,NA,29000,23000,35000,NA,NA,NA,NA,180000,220000,560000,500000,610000,570000,510000,620000,0.45,0.39,0.51,0.26,0.22,0.3,NA,NA,NA,74000,62000,85000,76000,64000,87000,0.53,0.46,0.62
2006,Eastern Europe and central Asia,0.4,0.3,0.4,0.2,0.1,0.2,0.2,0.2,0.3,31000,24000,37000,NA,NA,NA,29000,23000,36000,NA,NA,NA,NA,200000,240000,600000,540000,660000,610000,550000,670000,0.49,0.42,0.56,0.28,0.24,0.33,NA,NA,NA,80000,68000,92000,82000,69000,94000,0.54,0.47,0.63
2007,Eastern Europe and central Asia,0.4,0.4,0.4,0.2,0.1,0.2,0.2,0.2,0.3,30000,23000,36000,NA,NA,NA,28000,22000,35000,NA,NA,NA,NA,210000,260000,660000,590000,720000,670000,600000,730000,0.54,0.46,0.61,0.31,0.26,0.36,NA,NA,NA,87000,73000,100000,90000,76000,100000,0.57,0.49,0.66
2008,Eastern Europe and central Asia,0.4,0.4,0.5,0.2,0.1,0.2,0.3,0.2,0.3,29000,23000,36000,NA,NA,NA,28000,22000,34000,NA,NA,NA,NA,230000,280000,720000,650000,790000,730000,660000,800000,0.58,0.49,0.65,0.33,0.28,0.38,NA,NA,NA,93000,79000,110000,96000,81000,110000,,,
2009,Eastern Europe and central Asia,0.5,0.4,0.5,0.2,0.2,0.2,0.3,0.2,0.3,30000,24000,37000,NA,NA,NA,29000,23000,36000,NA,NA,NA,NA,250000,300000,790000,710000,860000,800000,720000,880000,0.62,0.53,0.7,0.35,0.3,0.4,NA,NA,NA,99000,84000,110000,100000,86000,120000,,,
2010,Eastern Europe and central Asia,0.5,0.5,0.6,0.2,0.2,0.2,0.3,0.2,0.3,33000,26000,40000,NA,NA,NA,31000,25000,38000,NA,NA,NA,NA,270000,330000,860000,770000,940000,870000,780000,950000,0.65,0.56,0.74,0.37,0.31,0.42,NA,NA,NA,100000,89000,120000,110000,91000,120000,,,
2011,Eastern Europe and central Asia,0.6,0.5,0.6,0.2,0.2,0.3,0.3,0.2,0.3,35000,28000,43000,NA,NA,NA,34000,27000,42000,NA,NA,NA,NA,290000,360000,940000,840000,1000000,950000,850000,1000000,0.69,0.59,0.78,0.39,0.33,0.45,NA,NA,NA,110000,94000,130000,110000,96000,130000,,,
2012,Eastern Europe and central Asia,0.6,0.6,0.7,0.2,0.2,0.3,0.3,0.2,0.3,37000,29000,45000,NA,NA,NA,35000,28000,43000,NA,NA,NA,NA,320000,390000,1000000,910000,1100000,1000000,920000,1100000,0.73,0.62,0.82,0.41,0.34,0.47,NA,NA,NA,110000,97000,130000,120000,100000,140000,,,
2013,Eastern Europe and central Asia,0.7,0.6,0.7,0.2,0.2,0.3,0.3,0.2,0.3,38000,30000,46000,NA,NA,NA,36000,28000,44000,NA,NA,NA,NA,340000,420000,1100000,980000,1200000,1100000,1000000,1200000,0.76,0.65,0.86,0.42,0.35,0.48,NA,NA,NA,120000,100000,140000,120000,100000,140000,,,
2014,Eastern Europe and central Asia,0.7,0.7,0.8,0.2,0.2,0.3,0.3,0.2,0.3,38000,30000,46000,NA,NA,NA,36000,28000,44000,NA,NA,NA,NA,370000,450000,1200000,1100000,1300000,1200000,1100000,1300000,0.79,0.68,0.9,0.43,0.37,0.5,NA,NA,NA,120000,110000,140000,130000,110000,150000,,,
2015,Eastern Europe and central Asia,0.8,0.7,0.8,0.3,0.2,0.3,0.3,0.2,0.3,39000,31000,48000,NA,NA,NA,37000,29000,45000,NA,NA,NA,NA,400000,480000,1300000,1100000,1400000,1300000,1200000,1400000,0.83,0.71,0.94,0.45,0.38,0.51,NA,NA,NA,130000,110000,150000,130000,110000,150000,,,
2016,Eastern Europe and central Asia,0.8,0.8,0.9,0.3,0.2,0.3,0.3,0.2,0.3,37000,29000,46000,NA,NA,NA,36000,28000,44000,NA,NA,NA,NA,430000,520000,1400000,1200000,1500000,1400000,1200000,1500000,0.86,0.73,0.97,0.46,0.39,0.53,NA,NA,NA,130000,110000,150000,140000,120000,160000,,,
2017,Eastern Europe and central Asia,0.9,0.8,1,0.3,0.2,0.3,0.2,0.2,0.3,36000,28000,44000,NA,NA,NA,34000,27000,42000,NA,NA,NA,NA,460000,560000,1500000,1300000,1600000,1500000,1300000,1600000,0.89,0.76,1,0.47,0.4,0.54,NA,NA,NA,140000,120000,160000,140000,120000,160000,,,
2018,Eastern Europe and central Asia,0.9,0.9,1,0.3,0.2,0.3,0.2,0.2,0.3,38000,30000,46000,NA,NA,NA,36000,28000,44000,NA,NA,NA,NA,490000,600000,1600000,1400000,1700000,1600000,1400000,1700000,0.91,0.78,1.03,0.48,0.41,0.55,NA,NA,NA,140000,120000,160000,140000,120000,170000,,,
2019,Eastern Europe and central Asia,1,0.9,1.1,0.3,0.2,0.3,0.2,0.2,0.3,40000,31000,49000,NA,NA,NA,38000,30000,47000,NA,NA,NA,NA,520000,640000,1700000,1500000,1800000,1700000,1500000,1800000,0.94,0.8,1.06,0.49,0.41,0.56,NA,NA,NA,140000,120000,170000,150000,120000,170000,,,
2020,Eastern Europe and central Asia,1,1,1.1,0.3,0.2,0.3,0.2,0.2,0.2,42000,33000,51000,NA,NA,NA,40000,32000,49000,NA,NA,NA,NA,560000,680000,1800000,1600000,1900000,1800000,1600000,2000000,0.96,0.82,1.09,0.5,0.42,0.58,NA,NA,NA,150000,120000,170000,150000,130000,170000,,,
2021,Eastern Europe and central Asia,1.1,1,1.2,0.3,0.2,0.4,0.2,0.2,0.2,44000,35000,54000,NA,NA,NA,42000,33000,51000,NA,NA,NA,NA,590000,720000,1900000,1700000,2000000,1900000,1700000,2100000,0.99,0.84,1.12,0.51,0.43,0.59,NA,NA,NA,150000,130000,170000,150000,130000,180000,,,
2022,Eastern Europe and central Asia,1.2,1.1,1.3,0.3,0.3,0.4,0.2,0.2,0.2,48000,38000,58000,NA,NA,NA,46000,36000,56000,NA,NA,NA,NA,600000,730000,1900000,1700000,2100000,2000000,1800000,2100000,1.02,0.88,1.17,0.53,0.45,0.62,NA,NA,NA,160000,130000,180000,160000,140000,180000,,,
1990,Latin America,0.1,0.1,0.2,0.1,0.1,0.1,0.1,0.1,0.1,19000,15000,25000,2200,1700,2800,17000,13000,22000,8800,7400,10000,10000,74000,90000,320000,290000,360000,330000,300000,370000,0.33,0.28,0.39,0.18,0.15,0.21,4200,3200,5200,69000,58000,82000,73000,62000,87000,,,
1991,Latin America,0.2,0.1,0.2,0.1,0.1,0.1,0.1,0.1,0.1,24000,18000,31000,2700,2100,3400,21000,15000,27000,11000,9300,13000,13000,90000,110000,370000,330000,420000,390000,350000,430000,0.34,0.29,0.4,0.19,0.16,0.22,5000,3800,6200,73000,62000,87000,78000,66000,93000,,,
1992,Latin America,0.2,0.2,0.2,0.1,0.1,0.1,0.1,0.1,0.2,28000,21000,36000,3200,2400,4000,25000,18000,33000,13000,11000,16000,16000,110000,130000,420000,380000,470000,440000,390000,490000,0.35,0.3,0.41,0.2,0.17,0.23,5700,4400,7200,77000,65000,91000,82000,70000,98000,,,
1993,Latin America,0.2,0.2,0.2,0.1,0.1,0.1,0.1,0.1,0.2,33000,25000,43000,3700,2800,4600,29000,22000,38000,16000,14000,19000,19000,120000,150000,470000,420000,530000,490000,440000,550000,0.37,0.31,0.44,0.21,0.18,0.25,6500,5000,8100,82000,70000,98000,89000,75000,110000,,,
1994,Latin America,0.2,0.2,0.2,0.1,0.1,0.1,0.1,0.1,0.2,38000,29000,49000,4200,3200,5200,34000,25000,44000,19000,16000,22000,22000,140000,170000,520000,470000,580000,540000,490000,600000,0.38,0.32,0.45,0.22,0.18,0.26,7100,5500,8900,87000,74000,100000,94000,80000,110000,,,
1995,Latin America,0.2,0.2,0.3,0.1,0.1,0.1,0.1,0.1,0.2,42000,32000,55000,4700,3600,5800,38000,28000,49000,22000,18000,25000,25000,160000,190000,570000,510000,640000,590000,530000,660000,0.38,0.33,0.46,0.22,0.19,0.26,7700,5900,9600,91000,77000,110000,98000,83000,120000,,,
1996,Latin America,0.2,0.2,0.3,0.1,0.1,0.1,0.1,0.1,0.2,47000,35000,60000,5000,3900,6300,42000,31000,54000,25000,21000,29000,29000,170000,210000,620000,550000,690000,640000,580000,720000,0.38,0.33,0.46,0.22,0.19,0.27,8000,6200,10000,92000,78000,110000,100000,85000,120000,,,
1997,Latin America,0.3,0.2,0.3,0.1,0.1,0.1,0.1,0.1,0.2,42000,32000,54000,5300,4100,6700,37000,27000,48000,27000,23000,32000,32000,190000,230000,670000,600000,750000,700000,630000,780000,0.39,0.33,0.46,0.23,0.19,0.27,8300,6400,10000,96000,81000,110000,100000,88000,120000,,,
1998,Latin America,0.3,0.2,0.3,0.1,0.1,0.1,0.1,0.1,0.2,40000,30000,52000,5600,4300,7000,35000,26000,45000,30000,26000,35000,35000,210000,250000,730000,660000,820000,760000,680000,850000,0.39,0.33,0.47,0.23,0.19,0.27,8600,6600,11000,98000,83000,120000,110000,90000,130000,,,
1999,Latin America,0.3,0.3,0.3,0.1,0.1,0.1,0.1,0.1,0.2,42000,32000,54000,5900,4500,7400,36000,27000,47000,33000,28000,38000,38000,230000,280000,790000,710000,880000,830000,740000,920000,0.39,0.34,0.47,0.23,0.2,0.28,8900,6800,11000,100000,85000,120000,110000,93000,130000,,,
2000,Latin America,0.3,0.3,0.3,0.1,0.1,0.1,0.1,0.1,0.2,43000,33000,56000,6300,4800,7800,37000,27000,48000,35000,30000,41000,41000,240000,300000,850000,760000,950000,890000,790000,990000,0.38,0.33,0.46,0.23,0.19,0.27,9000,6900,11000,100000,84000,120000,110000,92000,130000,,,
2001,Latin America,0.3,0.3,0.4,0.1,0.1,0.1,0.2,0.1,0.2,44000,33000,56000,6300,4800,7800,37000,27000,49000,37000,32000,44000,44000,260000,320000,910000,810000,1000000,950000,850000,1100000,0.38,0.32,0.45,0.23,0.19,0.27,9000,6900,11000,100000,84000,120000,110000,92000,130000,,,
2002,Latin America,0.3,0.3,0.4,0.1,0.1,0.1,0.2,0.1,0.2,44000,33000,57000,6300,4800,7800,38000,28000,49000,40000,33000,46000,46000,280000,340000,970000,860000,1100000,1000000,900000,1100000,0.37,0.32,0.45,0.22,0.19,0.27,9000,6900,11000,100000,85000,120000,110000,93000,130000,,,
2003,Latin America,0.3,0.3,0.4,0.1,0.1,0.1,0.2,0.1,0.2,44000,33000,57000,6400,4900,8000,37000,28000,49000,41000,35000,48000,48000,290000,360000,1000000,920000,1100000,1100000,950000,1200000,0.37,0.32,0.45,0.22,0.19,0.27,8900,6900,11000,100000,87000,120000,110000,95000,130000,,,
2004,Latin America,0.4,0.3,0.4,0.1,0.1,0.1,0.2,0.1,0.2,44000,33000,57000,6400,4900,8000,38000,28000,49000,43000,36000,50000,50000,310000,380000,1100000,970000,1200000,1100000,1000000,1300000,0.37,0.32,0.45,0.23,0.19,0.27,8800,6700,11000,100000,88000,120000,110000,96000,130000,,,
2005,Latin America,0.4,0.3,0.4,0.1,0.1,0.1,0.2,0.1,0.3,45000,34000,58000,6300,4800,7800,39000,29000,51000,44000,37000,51000,51000,330000,400000,1100000,1000000,1300000,1200000,1100000,1300000,0.37,0.32,0.45,0.22,0.19,0.27,8600,6600,11000,110000,89000,130000,110000,97000,140000,,,
2006,Latin America,0.4,0.3,0.4,0.1,0.1,0.1,0.2,0.1,0.2,44000,33000,56000,6000,4600,7500,38000,28000,49000,45000,38000,52000,52000,340000,420000,1200000,1100000,1300000,1200000,1100000,1400000,0.32,0.28,0.39,0.2,0.17,0.23,7900,6100,9900,94000,79000,110000,100000,86000,120000,,,
2007,Latin America,0.4,0.3,0.4,0.1,0.1,0.1,0.2,0.1,0.2,42000,31000,54000,5600,4300,7000,36000,27000,47000,45000,38000,52000,52000,360000,440000,1200000,1100000,1400000,1300000,1200000,1400000,0.32,0.27,0.38,0.19,0.16,0.23,7500,5700,9300,93000,79000,110000,100000,86000,120000,,,
2008,Latin America,0.4,0.3,0.4,0.1,0.1,0.1,0.2,0.1,0.2,42000,32000,54000,5300,4000,6600,37000,27000,48000,45000,38000,53000,53000,370000,450000,1300000,1200000,1400000,1300000,1200000,1500000,0.32,0.27,0.38,0.19,0.16,0.23,6900,5300,8600,95000,80000,110000,100000,86000,120000,,,
2009,Latin America,0.4,0.3,0.5,0.1,0.1,0.1,0.2,0.1,0.2,42000,32000,54000,4800,3700,6000,37000,27000,48000,45000,38000,52000,52000,390000,470000,1400000,1200000,1500000,1400000,1300000,1600000,0.32,0.27,0.38,0.19,0.16,0.23,6300,4900,7900,96000,81000,110000,100000,87000,120000,,,
2010,Latin America,0.4,0.4,0.5,0.1,0.1,0.1,0.2,0.1,0.2,40000,30000,52000,4600,3500,5800,35000,26000,46000,45000,38000,52000,52000,400000,490000,1400000,1300000,1600000,1500000,1300000,1600000,0.32,0.27,0.38,0.19,0.16,0.23,6100,4700,7600,96000,82000,120000,100000,87000,120000,,,
2011,Latin America,0.4,0.4,0.5,0.1,0.1,0.1,0.2,0.1,0.2,39000,29000,50000,4400,3300,5400,35000,25000,45000,44000,37000,51000,51000,420000,510000,1500000,1300000,1600000,1500000,1400000,1700000,0.31,0.27,0.38,0.19,0.16,0.22,5900,4500,7300,97000,82000,120000,100000,87000,120000,,,
2012,Latin America,0.4,0.4,0.5,0.1,0.1,0.1,0.2,0.1,0.2,38000,29000,49000,4200,3200,5300,34000,25000,44000,43000,37000,51000,51000,430000,530000,1500000,1400000,1700000,1600000,1400000,1700000,0.31,0.27,0.37,0.19,0.16,0.22,5500,4300,6900,98000,83000,120000,100000,88000,120000,,,
2013,Latin America,0.4,0.4,0.5,0.1,0.1,0.1,0.2,0.1,0.2,38000,29000,49000,4000,3100,5000,34000,25000,44000,43000,36000,50000,50000,450000,540000,1600000,1400000,1800000,1600000,1500000,1800000,0.31,0.27,0.37,0.19,0.16,0.22,5200,4000,6500,99000,83000,120000,100000,88000,120000,,,
2014,Latin America,0.4,0.4,0.5,0.1,0.1,0.1,0.2,0.1,0.2,38000,29000,50000,3700,2900,4700,35000,26000,45000,42000,35000,48000,48000,460000,560000,1600000,1500000,1800000,1700000,1500000,1900000,0.31,0.27,0.37,0.19,0.16,0.22,5000,3800,6200,100000,84000,120000,100000,89000,120000,,,
2015,Latin America,0.4,0.4,0.5,0.1,0.1,0.1,0.2,0.1,0.2,37000,28000,48000,3500,2700,4400,33000,25000,44000,40000,34000,47000,47000,470000,580000,1700000,1500000,1900000,1700000,1600000,1900000,0.31,0.27,0.37,0.19,0.16,0.22,4800,3700,6000,100000,85000,120000,110000,90000,130000,,,
2016,Latin America,0.4,0.4,0.5,0.1,0.1,0.1,0.2,0.1,0.3,35000,26000,45000,3300,2600,4200,31000,23000,41000,39000,33000,46000,46000,490000,600000,1800000,1600000,2000000,1800000,1600000,2000000,0.31,0.27,0.37,0.19,0.16,0.22,4700,3600,5800,100000,86000,120000,110000,91000,130000,,,
2017,Latin America,0.4,0.4,0.5,0.1,0.1,0.1,0.2,0.1,0.3,34000,26000,45000,3200,2400,3900,31000,23000,41000,38000,32000,44000,44000,500000,610000,1800000,1600000,2000000,1900000,1700000,2100000,0.31,0.27,0.38,0.19,0.16,0.22,4300,3300,5400,100000,88000,120000,110000,92000,130000,,,
2018,Latin America,0.5,0.4,0.5,0.1,0.1,0.1,0.2,0.1,0.3,35000,26000,45000,3000,2300,3800,32000,23000,41000,36000,31000,42000,42000,520000,630000,1900000,1700000,2100000,1900000,1700000,2200000,0.31,0.27,0.38,0.18,0.16,0.22,4100,3100,5100,100000,88000,120000,110000,92000,130000,,,
2019,Latin America,0.5,0.4,0.5,0.1,0.1,0.1,0.2,0.1,0.3,33000,25000,43000,2800,2100,3500,30000,22000,40000,35000,29000,40000,40000,530000,650000,2000000,1800000,2200000,2000000,1800000,2200000,0.31,0.27,0.37,0.18,0.15,0.22,3800,2900,4700,100000,89000,130000,110000,92000,130000,,,
2020,Latin America,0.5,0.4,0.5,0.1,0.1,0.1,0.2,0.1,0.3,30000,23000,39000,2800,2100,3500,27000,20000,35000,33000,28000,39000,39000,540000,660000,2000000,1800000,2300000,2100000,1900000,2300000,0.31,0.27,0.37,0.18,0.15,0.22,4300,3300,5300,100000,89000,130000,110000,92000,130000,,,
2021,Latin America,0.5,0.4,0.5,0.1,0.1,0.1,0.2,0.1,0.3,28000,21000,37000,2800,2100,3500,26000,19000,33000,32000,27000,38000,38000,560000,680000,2100000,1900000,2300000,2100000,1900000,2400000,0.31,0.27,0.38,0.18,0.16,0.22,4100,3100,5100,110000,91000,130000,110000,94000,130000,,,
2022,Latin America,0.5,0.4,0.5,0.1,0.1,0.1,0.2,0.1,0.3,27000,21000,35000,2700,2000,3300,25000,18000,32000,31000,26000,36000,36000,570000,700000,2200000,1900000,2400000,2200000,2000000,2500000,0.31,0.27,0.37,0.18,0.15,0.22,3800,2900,4700,110000,90000,130000,110000,94000,130000,,,
1990,Middle East and North Africa,0.1,0.1,0.1,0.1,0.1,0.1,0.1,0.1,0.1,1200,900,1600,500,500,540,760,550,1100,2000,1700,2400,2400,9600,13000,22000,19000,26000,24000,21000,28000,0.05,0.04,0.06,0.03,0.02,0.03,840,660,1100,4900,3700,6500,5700,4400,7400,,,
1991,Middle East and North Africa,0.1,0.1,0.1,0.1,0.1,0.1,0.1,0.1,0.1,1400,1100,1900,500,500,620,940,680,1300,2300,2000,2700,2700,11000,15000,26000,22000,30000,28000,24000,33000,0.05,0.04,0.07,0.03,0.02,0.04,960,750,1200,5600,4300,7400,6600,5100,8600,,,
1992,Middle East and North Africa,0.1,0.1,0.1,0.1,0.1,0.1,0.1,0.1,0.1,1700,1300,2200,560,500,680,1100,810,1600,2700,2300,3100,3100,13000,17000,30000,26000,35000,33000,28000,38000,0.05,0.04,0.07,0.03,0.02,0.04,1000,810,1300,6200,4700,8200,7200,5600,9400,,,
1993,Middle East and North Africa,0.1,0.1,0.1,0.1,0.1,0.1,0.1,0.1,0.1,2000,1500,2700,630,500,770,1400,980,1900,3200,2700,3700,3700,15000,20000,36000,31000,42000,39000,33000,45000,0.06,0.05,0.08,0.03,0.03,0.04,1100,890,1400,6800,5200,9000,7900,6100,10000,,,
1994,Middle East and North Africa,0.1,0.1,0.1,0.1,0.1,0.1,0.1,0.1,0.1,2400,1800,3200,720,570,880,1700,1200,2300,3600,3100,4200,4200,17000,23000,41000,35000,48000,45000,39000,52000,0.06,0.05,0.08,0.04,0.03,0.05,1300,980,1600,7600,5800,10000,8800,6800,12000,,,
1995,Middle East and North Africa,0.1,0.1,0.1,0.1,0.1,0.1,0.1,0.1,0.1,2700,2000,3700,790,630,970,2000,1400,2700,4100,3500,4700,4700,19000,26000,47000,40000,55000,51000,44000,60000,0.06,0.05,0.08,0.04,0.03,0.05,1300,1100,1700,8000,6100,11000,9300,7200,12000,,,
1996,Middle East and North Africa,0.1,0.1,0.1,0.1,0.1,0.1,0.1,0.1,0.1,3100,2300,4200,870,690,1100,2300,1600,3100,4600,3900,5300,5300,21000,29000,53000,45000,62000,57000,50000,67000,0.07,0.05,0.09,0.04,0.03,0.05,1400,1100,1800,8600,6600,11000,10000,7700,13000,,,
1997,Middle East and North Africa,0.1,0.1,0.1,0.1,0.1,0.1,0.1,0.1,0.1,3500,2600,4700,930,740,1100,2600,1900,3600,5100,4300,5800,5800,23000,32000,59000,51000,69000,64000,55000,75000,0.06,0.05,0.08,0.04,0.03,0.05,1500,1200,1900,8600,6600,11000,10000,7800,13000,,,
1998,Middle East and North Africa,0.1,0.1,0.1,0.1,0.1,0.1,0.1,0.1,0.1,4000,3000,5300,1000,790,1200,3000,2200,4100,5500,4700,6400,6400,25000,35000,64000,56000,76000,70000,60000,82000,0.06,0.05,0.08,0.04,0.03,0.05,1600,1200,2000,8700,6700,12000,10000,7900,13000,,,
1999,Middle East and North Africa,0.1,0.1,0.1,0.1,0.1,0.1,0.1,0.1,0.1,4500,3300,5900,1100,840,1300,3400,2400,4700,6000,5100,6900,6900,27000,37000,70000,60000,82000,76000,65000,89000,0.06,0.05,0.08,0.04,0.03,0.05,1600,1300,2100,8800,6700,12000,10000,8000,14000,,,
2000,Middle East and North Africa,0.1,0.1,0.1,0.1,0.1,0.1,0.1,0.1,0.1,4900,3600,6500,1100,880,1400,3800,2700,5200,6500,5500,7500,7500,29000,40000,75000,64000,88000,81000,70000,95000,0.06,0.05,0.08,0.04,0.03,0.05,1700,1300,2100,8800,6800,12000,11000,8100,14000,,,
2001,Middle East and North Africa,0.1,0.1,0.1,0.1,0.1,0.1,0.1,0.1,0.1,5300,4000,7100,1200,920,1400,4200,3000,5800,6900,5900,7900,7900,31000,42000,79000,68000,93000,85000,74000,100000,0.05,0.04,0.07,0.04,0.03,0.05,1700,1300,2200,8300,6300,11000,10000,7700,13000,,,
2002,Middle East and North Africa,0.1,0.1,0.1,0.1,0.1,0.1,0.1,0.1,0.1,5700,4300,7700,1200,940,1500,4600,3300,6300,7200,6200,8400,8400,32000,44000,82000,70000,97000,89000,77000,100000,0.05,0.04,0.07,0.03,0.03,0.04,1700,1400,2200,8100,6200,11000,9800,7600,13000,,,
2003,Middle East and North Africa,0.1,0.1,0.1,0.1,0.1,0.1,0.1,0.1,0.1,5900,4400,7900,1200,960,1500,4700,3400,6500,7500,6400,8700,8700,33000,45000,84000,73000,100000,92000,80000,110000,0.05,0.04,0.06,0.03,0.03,0.04,1700,1400,2200,8000,6200,11000,9800,7500,13000,,,
2004,Middle East and North Africa,0.1,0.1,0.1,0.1,0.1,0.1,0.1,0.1,0.1,6100,4600,8200,1200,980,1500,4900,3500,6800,7800,6700,9000,9000,34000,46000,87000,75000,100000,95000,82000,110000,0.05,0.04,0.06,0.03,0.02,0.04,1700,1300,2200,7900,6100,11000,9600,7500,13000,,,
2005,Middle East and North Africa,0.1,0.1,0.1,0.1,0.1,0.1,0.1,0.1,0.1,6400,4800,8600,1200,980,1500,5200,3700,7200,8000,6900,9300,9300,35000,48000,89000,77000,110000,98000,84000,110000,0.05,0.04,0.06,0.03,0.02,0.04,1700,1300,2100,8100,6200,11000,9800,7600,13000,,,
2006,Middle East and North Africa,0.1,0.1,0.1,0.1,0.1,0.1,0.1,0.1,0.1,6600,4900,8800,1200,980,1500,5400,3900,7500,8200,7000,9500,9500,36000,49000,92000,79000,110000,100000,87000,120000,0.05,0.04,0.06,0.03,0.02,0.04,1700,1300,2100,8200,6300,11000,9900,7700,13000,,,
2007,Middle East and North Africa,0.1,0.1,0.1,0.1,0.1,0.1,0.1,0.1,0.1,6800,5000,9000,1200,980,1500,5500,4000,7600,8400,7100,9700,9700,37000,50000,95000,82000,110000,100000,89000,120000,0.05,0.04,0.06,0.03,0.02,0.04,1700,1300,2100,8400,6400,11000,10000,7800,13000,,,
2008,Middle East and North Africa,0.1,0.1,0.1,0.1,0.1,0.1,0.1,0.1,0.1,6600,4900,8900,1200,980,1500,5400,3900,7500,8500,7200,9800,9800,38000,51000,98000,85000,120000,110000,92000,130000,0.05,0.04,0.06,0.03,0.02,0.04,1700,1300,2100,8700,6600,12000,10000,8000,14000,,,
2009,Middle East and North Africa,0.1,0.1,0.1,0.1,0.1,0.1,0.1,0.1,0.1,6400,4800,8500,1200,970,1500,5200,3700,7100,8600,7300,9900,9900,39000,53000,100000,87000,120000,110000,95000,130000,0.04,0.03,0.06,0.03,0.02,0.04,1700,1300,2100,8700,6600,12000,10000,8000,13000,,,
2010,Middle East and North Africa,0.1,0.1,0.1,0.1,0.1,0.1,0.1,0.1,0.1,6300,4700,8500,1200,940,1400,5200,3700,7100,8700,7400,10000,10000,40000,54000,100000,90000,120000,110000,98000,130000,0.05,0.04,0.06,0.03,0.02,0.04,1700,1300,2100,9000,6900,12000,11000,8300,14000,,,
2011,Middle East and North Africa,0.1,0.1,0.1,0.1,0.1,0.1,0.1,0.1,0.1,6400,4800,8600,1200,920,1400,5300,3800,7300,8700,7400,10000,10000,40000,55000,110000,92000,130000,120000,100000,140000,0.04,0.04,0.06,0.03,0.02,0.04,1600,1300,2100,9200,7000,12000,11000,8300,14000,,,
2012,Middle East and North Africa,0.1,0.1,0.1,0.1,0.1,0.1,0.1,0.1,0.1,6500,4800,8600,1100,910,1400,5300,3800,7400,8800,7500,10000,10000,41000,56000,110000,96000,130000,120000,100000,140000,0.05,0.04,0.06,0.03,0.02,0.04,1600,1300,2000,9400,7200,13000,11000,8500,14000,,,
2013,Middle East and North Africa,0.1,0.1,0.1,0.1,0.1,0.1,0.1,0.1,0.1,6400,4800,8600,1100,890,1400,5300,3800,7300,8900,7600,10000,10000,42000,58000,120000,100000,140000,120000,110000,150000,0.05,0.04,0.06,0.03,0.02,0.04,1600,1300,2000,9700,7400,13000,11000,8700,15000,,,
2014,Middle East and North Africa,0.1,0.1,0.1,0.1,0.1,0.1,0.1,0.1,0.1,6300,4700,8500,1100,880,1400,5200,3800,7200,9000,7700,10000,10000,43000,59000,120000,100000,140000,130000,110000,150000,0.05,0.04,0.06,0.03,0.02,0.04,1600,1300,2000,10000,7700,13000,12000,9000,15000,,,
2015,Middle East and North Africa,0.1,0.1,0.1,0.1,0.1,0.1,0.1,0.1,0.1,6200,4600,8300,1100,850,1300,5100,3700,7100,9200,7800,11000,11000,45000,61000,130000,110000,150000,130000,120000,160000,0.05,0.04,0.06,0.03,0.02,0.04,1600,1300,2100,10000,8000,14000,12000,9300,16000,,,
2016,Middle East and North Africa,0.1,0.1,0.1,0.1,0.1,0.1,0.1,0.1,0.1,5900,4400,7900,1100,840,1300,4900,3500,6700,9300,7900,11000,11000,46000,63000,130000,110000,150000,140000,120000,170000,0.05,0.04,0.06,0.03,0.02,0.04,1600,1200,2000,11000,8300,14000,12000,9600,16000,,,
2017,Middle East and North Africa,0.1,0.1,0.1,0.1,0.1,0.1,0.1,0.1,0.1,5600,4200,7500,1000,830,1300,4600,3300,6300,9400,8000,11000,11000,48000,65000,140000,120000,160000,150000,130000,170000,0.05,0.04,0.07,0.03,0.02,0.04,1600,1300,2000,11000,8700,15000,13000,10000,17000,,,
2018,Middle East and North Africa,0.1,0.1,0.1,0.1,0.1,0.1,0.1,0.1,0.1,5500,4100,7300,1100,850,1300,4400,3200,6100,9500,8100,11000,11000,50000,68000,140000,120000,170000,150000,130000,180000,0.05,0.04,0.07,0.03,0.02,0.04,1600,1300,2000,12000,9200,16000,14000,10000,18000,,,
2019,Middle East and North Africa,0.1,0.1,0.1,0.1,0.1,0.1,0.1,0.1,0.1,5300,4000,7100,1100,840,1300,4300,3100,5900,9700,8300,11000,11000,51000,70000,150000,130000,180000,160000,140000,190000,0.05,0.04,0.07,0.03,0.03,0.04,1600,1300,2000,13000,9600,17000,14000,11000,18000,,,
2020,Middle East and North Africa,0.1,0.1,0.1,0.1,0.1,0.1,0.1,0.1,0.1,5200,3900,7000,1000,840,1300,4200,3000,5800,9800,8400,11000,11000,53000,73000,160000,140000,190000,170000,150000,200000,0.06,0.04,0.07,0.03,0.03,0.04,1600,1300,2100,13000,10000,18000,15000,12000,19000,,,
2021,Middle East and North Africa,0.1,0.1,0.1,0.1,0.1,0.1,0.1,0.1,0.1,5200,3900,7000,1000,830,1300,4200,3000,5800,10000,8500,12000,12000,55000,75000,170000,150000,200000,180000,150000,210000,0.06,0.05,0.08,0.04,0.03,0.05,1700,1300,2100,14000,11000,19000,16000,12000,21000,,,
2022,Middle East and North Africa,0.1,0.1,0.1,0.1,0.1,0.1,0.1,0.1,0.1,5300,4000,7100,1000,820,1300,4300,3100,6000,10000,8700,12000,12000,58000,79000,180000,150000,210000,190000,160000,220000,0.06,0.05,0.08,0.04,0.03,0.05,1700,1300,2100,16000,12000,21000,17000,13000,23000,,,
1990,Western and central Africa,1.3,1.1,1.5,1.2,0.7,1.7,0.4,0.3,0.5,89000,70000,120000,35000,24000,46000,55000,42000,72000,150000,120000,190000,190000,840000,1100000,1700000,1500000,2000000,1900000,1700000,2200000,3.12,1.82,5.11,1.78,1.16,2.73,72000,48000,98000,390000,230000,650000,460000,300000,710000,,,
1991,Western and central Africa,1.5,1.3,1.8,1.3,0.8,1.9,0.5,0.3,0.6,110000,87000,150000,42000,29000,56000,70000,54000,93000,190000,150000,230000,230000,1000000,1300000,2100000,1800000,2400000,2300000,2000000,2600000,3.33,1.94,5.44,1.92,1.25,2.93,84000,57000,110000,430000,250000,710000,510000,340000,790000,,,
1992,Western and central Africa,1.7,1.5,2,1.5,0.9,2.1,0.5,0.3,0.6,140000,110000,180000,49000,34000,65000,89000,67000,120000,230000,180000,280000,280000,1200000,1600000,2400000,2100000,2800000,2700000,2300000,3100000,3.43,2,5.61,2.01,1.3,3.07,95000,64000,130000,450000,270000,750000,550000,360000,840000,,,
1993,Western and central Africa,1.9,1.6,2.2,1.6,0.9,2.2,0.5,0.3,0.6,160000,130000,210000,56000,39000,75000,110000,83000,140000,270000,210000,330000,330000,1400000,1800000,2700000,2400000,3200000,3000000,2600000,3500000,3.39,1.98,5.56,2.02,1.31,3.08,100000,71000,140000,460000,270000,760000,560000,370000,870000,,,
1994,Western and central Africa,2.1,1.8,2.4,1.7,1,2.4,0.5,0.4,0.7,190000,150000,250000,62000,43000,83000,130000,98000,170000,320000,250000,390000,390000,1600000,2000000,3100000,2700000,3600000,3400000,3000000,3900000,3.35,1.94,5.44,2.01,1.3,3.06,110000,76000,150000,460000,270000,770000,570000,380000,890000,,,
1995,Western and central Africa,2.2,1.9,2.5,1.7,1,2.4,0.5,0.4,0.7,220000,170000,290000,68000,47000,91000,150000,120000,200000,360000,280000,440000,440000,1700000,2200000,3400000,2900000,3900000,3700000,3300000,4300000,3.19,1.86,5.22,1.96,1.27,3,120000,82000,170000,460000,270000,760000,580000,380000,890000,,,
1996,Western and central Africa,2.3,1.9,2.6,1.7,1,2.4,0.5,0.4,0.7,250000,200000,330000,74000,51000,98000,180000,130000,230000,410000,320000,490000,490000,1800000,2400000,3600000,3100000,4100000,4000000,3500000,4600000,3.02,1.76,4.94,1.88,1.22,2.88,130000,86000,170000,440000,260000,740000,570000,380000,880000,,,
1997,Western and central Africa,2.3,2,2.7,1.7,1,2.4,0.5,0.3,0.6,280000,220000,360000,78000,54000,100000,200000,150000,260000,450000,350000,540000,540000,1900000,2500000,3800000,3300000,4300000,4200000,3700000,4900000,2.84,1.65,4.64,1.8,1.17,2.75,130000,88000,180000,430000,250000,710000,560000,370000,860000,,,
1998,Western and central Africa,2.3,2,2.7,1.7,1,2.3,0.5,0.3,0.6,300000,240000,390000,81000,56000,110000,220000,170000,290000,490000,380000,590000,590000,2000000,2700000,3900000,3400000,4500000,4400000,3900000,5100000,2.63,1.53,4.3,1.7,1.1,2.59,130000,89000,180000,410000,240000,680000,540000,350000,830000,,,
1999,Western and central Africa,2.3,2,2.7,1.6,0.9,2.3,0.5,0.3,0.6,330000,250000,420000,84000,58000,110000,240000,180000,320000,530000,410000,640000,640000,2100000,2800000,4000000,3500000,4600000,4500000,4000000,5300000,2.44,1.42,3.99,1.6,1.04,2.45,130000,91000,180000,390000,230000,650000,520000,340000,810000,,,
2000,Western and central Africa,2.3,2,2.7,1.5,0.9,2.1,0.4,0.3,0.6,350000,270000,450000,87000,60000,120000,260000,200000,350000,560000,440000,680000,680000,2100000,2800000,4100000,3600000,4700000,4700000,4100000,5400000,2.22,1.29,3.63,1.49,0.96,2.27,130000,91000,180000,360000,220000,610000,500000,330000,770000,,,
2001,Western and central Africa,2.2,1.9,2.6,1.4,0.8,2,0.4,0.3,0.5,370000,290000,480000,89000,62000,120000,280000,210000,370000,590000,460000,710000,710000,2200000,2800000,4100000,3600000,4800000,4700000,4100000,5400000,2,1.17,3.27,1.37,0.89,2.09,130000,90000,180000,340000,200000,560000,470000,310000,730000,,,
2002,Western and central Africa,2.2,1.9,2.5,1.3,0.8,1.9,0.4,0.3,0.5,380000,300000,490000,90000,62000,120000,290000,220000,390000,610000,480000,740000,740000,2200000,2800000,4100000,3600000,4800000,4700000,4100000,5500000,1.84,1.07,3,1.27,0.82,1.94,130000,89000,180000,320000,190000,530000,450000,300000,690000,,,
2003,Western and central Africa,2.1,1.8,2.4,1.2,0.7,1.8,0.4,0.3,0.5,390000,300000,510000,90000,62000,120000,300000,230000,400000,630000,490000,760000,760000,2200000,2800000,4100000,3600000,4700000,4700000,4100000,5500000,1.68,0.98,2.74,1.17,0.76,1.79,130000,87000,180000,300000,180000,500000,430000,280000,660000,,,
2004,Western and central Africa,2,1.7,2.4,1.2,0.7,1.6,0.4,0.3,0.5,390000,300000,500000,89000,62000,120000,300000,230000,390000,640000,500000,780000,780000,2100000,2800000,4100000,3600000,4700000,4700000,4100000,5400000,1.57,0.91,2.56,1.1,0.71,1.68,120000,84000,170000,290000,170000,480000,410000,270000,640000,,,
2005,Western and central Africa,2,1.7,2.3,1.1,0.6,1.5,0.4,0.3,0.5,380000,290000,490000,88000,61000,120000,290000,220000,380000,650000,510000,790000,790000,2100000,2800000,4000000,3500000,4700000,4700000,4100000,5400000,1.45,0.84,2.36,1.02,0.66,1.56,120000,81000,170000,270000,160000,460000,390000,260000,610000,,,
2006,Western and central Africa,1.9,1.6,2.2,1,0.6,1.5,0.3,0.2,0.5,360000,280000,460000,85000,59000,110000,270000,210000,360000,650000,510000,790000,790000,2100000,2800000,4000000,3500000,4600000,4700000,4100000,5400000,1.37,0.79,2.23,0.96,0.62,1.46,110000,77000,160000,270000,160000,440000,380000,250000,590000,,,
2007,Western and central Africa,1.8,1.6,2.1,1,0.6,1.4,0.3,0.2,0.5,340000,260000,440000,82000,56000,110000,260000,190000,340000,650000,500000,780000,780000,2100000,2800000,4000000,3500000,4600000,4600000,4100000,5400000,1.27,0.74,2.08,0.88,0.57,1.35,110000,71000,140000,260000,150000,430000,360000,240000,560000,,,
2008,Western and central Africa,1.8,1.5,2,0.9,0.5,1.3,0.3,0.2,0.5,310000,240000,400000,77000,53000,100000,230000,180000,310000,640000,490000,770000,770000,2100000,2800000,4000000,3500000,4600000,4600000,4100000,5400000,1.2,0.7,1.95,0.82,0.53,1.25,97000,66000,130000,250000,150000,410000,350000,230000,530000,,,
2009,Western and central Africa,1.7,1.5,2,0.9,0.5,1.3,0.3,0.2,0.5,280000,220000,360000,73000,51000,98000,200000,150000,270000,620000,490000,760000,760000,2100000,2800000,4000000,3500000,4700000,4700000,4100000,5400000,1.11,0.65,1.82,0.76,0.49,1.16,93000,63000,130000,240000,140000,400000,330000,220000,510000,,,
2010,Western and central Africa,1.7,1.4,1.9,0.9,0.5,1.2,0.4,0.2,0.5,260000,200000,340000,69000,48000,92000,190000,140000,250000,610000,470000,740000,740000,2200000,2800000,4100000,3600000,4700000,4700000,4100000,5400000,1.06,0.61,1.72,0.71,0.46,1.09,86000,58000,120000,230000,140000,390000,320000,210000,490000,,,
2011,Western and central Africa,1.6,1.4,1.9,0.9,0.5,1.2,0.4,0.2,0.5,250000,200000,330000,65000,45000,87000,190000,140000,250000,590000,460000,720000,720000,2200000,2900000,4100000,3600000,4700000,4700000,4100000,5400000,1.01,0.59,1.65,0.68,0.44,1.03,82000,55000,110000,230000,140000,380000,310000,200000,480000,,,
2012,Western and central Africa,1.6,1.4,1.8,0.8,0.5,1.2,0.3,0.2,0.5,240000,190000,310000,62000,43000,82000,180000,140000,240000,570000,440000,690000,690000,2200000,2900000,4100000,3600000,4800000,4700000,4100000,5400000,0.94,0.54,1.53,0.62,0.4,0.94,75000,51000,100000,220000,130000,360000,290000,190000,450000,,,
2013,Western and central Africa,1.5,1.3,1.8,0.8,0.5,1.1,0.3,0.2,0.5,230000,180000,290000,56000,39000,75000,170000,130000,230000,550000,420000,660000,660000,2200000,2900000,4100000,3600000,4800000,4700000,4100000,5400000,0.87,0.51,1.42,0.56,0.37,0.86,67000,45000,92000,210000,120000,350000,270000,180000,420000,,,
2014,Western and central Africa,1.5,1.3,1.7,0.8,0.4,1.1,0.3,0.2,0.4,210000,170000,280000,51000,36000,69000,160000,120000,220000,520000,410000,630000,630000,2300000,3000000,4200000,3700000,4800000,4700000,4100000,5400000,0.82,0.48,1.34,0.53,0.34,0.8,62000,42000,85000,200000,120000,340000,260000,170000,410000,,,
2015,Western and central Africa,1.4,1.2,1.7,0.8,0.4,1.1,0.3,0.2,0.4,210000,160000,270000,48000,33000,64000,160000,120000,210000,500000,390000,610000,610000,2300000,3000000,4200000,3700000,4900000,4700000,4100000,5400000,0.78,0.46,1.28,0.5,0.33,0.77,61000,41000,84000,200000,120000,330000,260000,170000,400000,,,
2016,Western and central Africa,1.4,1.2,1.6,0.7,0.4,1,0.3,0.2,0.4,200000,150000,260000,44000,30000,59000,150000,120000,200000,480000,380000,590000,590000,2300000,3100000,4200000,3700000,4900000,4700000,4100000,5500000,0.76,0.44,1.25,0.49,0.32,0.75,60000,41000,82000,200000,120000,330000,260000,170000,400000,,,
2017,Western and central Africa,1.4,1.2,1.6,0.7,0.4,1,0.3,0.2,0.4,190000,150000,240000,44000,30000,58000,150000,110000,190000,470000,360000,570000,570000,2400000,3100000,4300000,3700000,4900000,4700000,4200000,5500000,0.71,0.41,1.16,0.46,0.3,0.71,62000,42000,85000,190000,110000,320000,250000,170000,390000,,,
2018,Western and central Africa,1.3,1.1,1.5,0.7,0.4,1,0.3,0.2,0.4,180000,140000,230000,42000,29000,56000,140000,100000,180000,460000,360000,550000,550000,2400000,3200000,4300000,3800000,5000000,4800000,4200000,5500000,0.68,0.4,1.11,0.45,0.29,0.68,63000,42000,86000,190000,110000,310000,250000,170000,390000,,,
2019,Western and central Africa,1.3,1.1,1.5,0.7,0.4,0.9,0.3,0.2,0.4,170000,130000,220000,41000,28000,54000,130000,99000,170000,440000,340000,540000,540000,2500000,3200000,4300000,3800000,5000000,4800000,4200000,5500000,0.63,0.37,1.03,0.42,0.27,0.63,59000,40000,81000,180000,110000,300000,240000,160000,370000,,,
2020,Western and central Africa,1.2,1.1,1.4,0.6,0.4,0.9,0.3,0.2,0.4,160000,120000,200000,41000,28000,55000,110000,87000,150000,430000,330000,520000,520000,2500000,3300000,4400000,3800000,5100000,4800000,4200000,5500000,0.53,0.31,0.87,0.36,0.23,0.55,58000,39000,79000,160000,93000,260000,210000,140000,330000,,,
2021,Western and central Africa,1.2,1,1.4,0.6,0.3,0.8,0.3,0.2,0.3,140000,110000,180000,37000,26000,50000,100000,76000,130000,410000,320000,500000,500000,2500000,3300000,4400000,3800000,5100000,4800000,4200000,5500000,0.43,0.25,0.7,0.3,0.2,0.46,53000,36000,73000,130000,77000,220000,180000,120000,280000,,,
2022,Western and central Africa,1.1,1,1.3,0.5,0.3,0.8,0.3,0.2,0.3,120000,96000,160000,34000,24000,46000,89000,68000,120000,400000,310000,490000,490000,2500000,3300000,4400000,3800000,5100000,4800000,4200000,5500000,0.36,0.21,0.59,0.26,0.17,0.4,51000,34000,69000,110000,66000,190000,160000,110000,250000,,,
1990,Western and central Europe and North America,0.2,0.2,0.2,0.1,0.1,0.1,0.1,0.1,0.2,42000,31000,55000,NA,NA,NA,40000,29000,53000,NA,NA,NA,NA,160000,230000,890000,750000,1000000,900000,750000,1000000,0.19,0.16,0.24,0.11,0.09,0.13,NA,NA,NA,88000,70000,110000,92000,74000,110000,,,
1991,Western and central Europe and North America,0.2,0.2,0.2,0.1,0.1,0.1,0.1,0.1,0.2,50000,36000,66000,NA,NA,NA,48000,35000,63000,NA,NA,NA,NA,170000,240000,930000,780000,1100000,940000,790000,1100000,0.18,0.15,0.23,0.11,0.08,0.13,NA,NA,NA,84000,67000,100000,89000,71000,110000,,,
1992,Western and central Europe and North America,0.2,0.2,0.2,0.1,0.1,0.1,0.1,0.1,0.2,57000,42000,76000,NA,NA,NA,55000,41000,73000,NA,NA,NA,NA,180000,250000,960000,810000,1100000,970000,820000,1100000,0.18,0.15,0.22,0.1,0.08,0.12,NA,NA,NA,83000,66000,99000,87000,69000,100000,,,
1993,Western and central Europe and North America,0.2,0.2,0.2,0.1,0.1,0.1,0.1,0.1,0.2,64000,47000,85000,NA,NA,NA,62000,46000,82000,NA,NA,NA,NA,190000,260000,980000,830000,1100000,990000,840000,1100000,0.17,0.14,0.22,0.1,0.08,0.12,NA,NA,NA,81000,65000,97000,85000,67000,100000,,,
1994,Western and central Europe and North America,0.2,0.2,0.2,0.1,0.1,0.1,0.1,0.1,0.2,70000,52000,93000,NA,NA,NA,68000,50000,90000,NA,NA,NA,NA,190000,260000,1000000,840000,1100000,1000000,850000,1200000,0.17,0.14,0.21,0.1,0.08,0.12,NA,NA,NA,80000,64000,96000,83000,66000,99000,,,
1995,Western and central Europe and North America,0.2,0.2,0.2,0.1,0.1,0.1,0.1,0.1,0.2,66000,49000,88000,NA,NA,NA,64000,47000,85000,NA,NA,NA,NA,190000,270000,1000000,850000,1200000,1000000,860000,1200000,0.17,0.14,0.21,0.09,0.07,0.11,NA,NA,NA,79000,63000,94000,81000,65000,97000,,,
1996,Western and central Europe and North America,0.2,0.2,0.2,0.1,0.1,0.1,0.1,0.1,0.2,57000,42000,75000,NA,NA,NA,55000,40000,73000,NA,NA,NA,NA,200000,280000,1000000,870000,1200000,1000000,880000,1200000,0.16,0.13,0.2,0.09,0.07,0.11,NA,NA,NA,77000,62000,93000,79000,63000,95000,,,
1997,Western and central Europe and North America,0.2,0.2,0.3,0.1,0.1,0.1,0.1,0.1,0.2,47000,35000,62000,NA,NA,NA,45000,33000,60000,NA,NA,NA,NA,210000,290000,1100000,900000,1200000,1100000,910000,1200000,0.16,0.13,0.2,0.09,0.07,0.11,NA,NA,NA,76000,61000,91000,78000,62000,93000,,,
1998,Western and central Europe and North America,0.2,0.2,0.3,0.1,0.1,0.1,0.1,0.1,0.2,34000,25000,46000,NA,NA,NA,33000,24000,43000,NA,NA,NA,NA,210000,300000,1100000,940000,1300000,1100000,950000,1300000,0.15,0.13,0.19,0.09,0.07,0.1,NA,NA,NA,75000,60000,90000,76000,61000,92000,,,
1999,Western and central Europe and North America,0.2,0.2,0.3,0.1,0.1,0.1,0.1,0.1,0.2,29000,21000,38000,NA,NA,NA,27000,20000,36000,NA,NA,NA,NA,220000,310000,1200000,980000,1300000,1200000,990000,1300000,0.15,0.12,0.19,0.09,0.07,0.1,NA,NA,NA,74000,59000,89000,76000,60000,91000,,,
2000,Western and central Europe and North America,0.2,0.2,0.3,0.1,0.1,0.1,0.1,0.1,0.2,29000,21000,38000,NA,NA,NA,27000,20000,36000,NA,NA,NA,NA,230000,330000,1200000,1000000,1400000,1200000,1000000,1400000,0.15,0.12,0.19,0.08,0.07,0.1,NA,NA,NA,74000,59000,88000,75000,60000,90000,,,
2001,Western and central Europe and North America,0.2,0.2,0.3,0.1,0.1,0.1,0.1,0.1,0.2,28000,20000,37000,NA,NA,NA,26000,19000,35000,NA,NA,NA,NA,250000,340000,1300000,1100000,1400000,1300000,1100000,1500000,0.15,0.12,0.19,0.08,0.07,0.1,NA,NA,NA,74000,59000,89000,76000,60000,91000,,,
2002,Western and central Europe and North America,0.2,0.2,0.3,0.1,0.1,0.1,0.1,0.1,0.2,28000,20000,37000,NA,NA,NA,26000,19000,35000,NA,NA,NA,NA,260000,360000,1300000,1100000,1500000,1300000,1100000,1500000,0.15,0.12,0.19,0.08,0.07,0.1,NA,NA,NA,74000,59000,89000,75000,60000,91000,,,
2003,Western and central Europe and North America,0.2,0.2,0.3,0.1,0.1,0.1,0.1,0.1,0.2,28000,20000,37000,NA,NA,NA,27000,19000,35000,NA,NA,NA,NA,270000,370000,1400000,1100000,1600000,1400000,1200000,1600000,0.15,0.12,0.18,0.08,0.07,0.1,NA,NA,NA,74000,59000,89000,75000,60000,90000,,,
2004,Western and central Europe and North America,0.2,0.2,0.3,0.1,0.1,0.1,0.1,0.1,0.2,27000,20000,36000,NA,NA,NA,26000,19000,34000,NA,NA,NA,NA,280000,390000,1400000,1200000,1600000,1400000,1200000,1600000,0.15,0.12,0.18,0.08,0.07,0.1,NA,NA,NA,74000,59000,89000,76000,60000,91000,,,
2005,Western and central Europe and North America,0.2,0.2,0.3,0.1,0.1,0.1,0.1,0.1,0.2,27000,20000,35000,NA,NA,NA,26000,19000,34000,NA,NA,NA,NA,290000,400000,1500000,1200000,1700000,1500000,1200000,1700000,0.15,0.12,0.18,0.08,0.07,0.1,NA,NA,NA,75000,59000,90000,76000,60000,91000,,,
2006,Western and central Europe and North America,0.2,0.2,0.3,0.1,0.1,0.1,0.1,0.1,0.2,26000,19000,34000,NA,NA,NA,25000,18000,33000,NA,NA,NA,NA,300000,420000,1500000,1300000,1700000,1500000,1300000,1700000,0.15,0.12,0.18,0.08,0.07,0.1,NA,NA,NA,75000,60000,90000,76000,61000,91000,,,
2007,Western and central Europe and North America,0.3,0.2,0.3,0.1,0.1,0.1,0.1,0.1,0.2,24000,18000,32000,NA,NA,NA,24000,17000,31000,NA,NA,NA,NA,310000,430000,1600000,1300000,1800000,1600000,1300000,1800000,0.15,0.12,0.18,0.08,0.07,0.1,NA,NA,NA,76000,60000,91000,77000,61000,92000,,,
2008,Western and central Europe and North America,0.3,0.2,0.3,0.1,0.1,0.1,0.1,0.1,0.2,23000,17000,31000,NA,NA,NA,22000,16000,30000,NA,NA,NA,NA,320000,450000,1600000,1400000,1900000,1600000,1400000,1900000,0.15,0.12,0.18,0.08,0.07,0.1,NA,NA,NA,76000,61000,92000,77000,62000,93000,,,
2009,Western and central Europe and North America,0.3,0.2,0.3,0.1,0.1,0.1,0.1,0.1,0.2,21000,16000,28000,NA,NA,NA,21000,15000,27000,NA,NA,NA,NA,330000,460000,1700000,1400000,1900000,1700000,1400000,1900000,0.15,0.12,0.18,0.08,0.06,0.1,NA,NA,NA,75000,60000,91000,76000,61000,91000,,,
2010,Western and central Europe and North America,0.3,0.2,0.3,0.1,0.1,0.1,0.1,0.1,0.2,19000,14000,26000,NA,NA,NA,19000,14000,25000,NA,NA,NA,NA,340000,480000,1700000,1500000,2000000,1700000,1500000,2000000,0.14,0.12,0.18,0.08,0.06,0.1,NA,NA,NA,75000,59000,90000,75000,60000,90000,,,
2011,Western and central Europe and North America,0.3,0.2,0.3,0.1,0.1,0.1,0.1,0.1,0.1,18000,13000,24000,NA,NA,NA,18000,13000,23000,NA,NA,NA,NA,360000,500000,1800000,1500000,2000000,1800000,1500000,2100000,0.14,0.12,0.18,0.08,0.06,0.09,NA,NA,NA,74000,59000,88000,74000,59000,89000,,,
2012,Western and central Europe and North America,0.3,0.2,0.3,0.1,0.1,0.1,0.1,0.1,0.1,16000,12000,21000,NA,NA,NA,16000,12000,21000,NA,NA,NA,NA,370000,510000,1800000,1500000,2100000,1800000,1600000,2100000,0.14,0.12,0.18,0.08,0.06,0.09,NA,NA,NA,74000,59000,89000,74000,59000,89000,,,
2013,Western and central Europe and North America,0.3,0.2,0.3,0.1,0.1,0.1,0.1,0.1,0.1,15000,11000,20000,NA,NA,NA,15000,11000,20000,NA,NA,NA,NA,380000,530000,1900000,1600000,2200000,1900000,1600000,2200000,0.14,0.11,0.17,0.08,0.06,0.09,NA,NA,NA,72000,58000,87000,73000,58000,87000,,,
2014,Western and central Europe and North America,0.3,0.2,0.3,0.1,0.1,0.1,0.1,0.1,0.1,14000,10000,19000,NA,NA,NA,14000,10000,19000,NA,NA,NA,NA,390000,540000,1900000,1600000,2200000,2000000,1600000,2200000,0.14,0.11,0.17,0.07,0.06,0.09,NA,NA,NA,72000,57000,87000,72000,58000,87000,,,
2015,Western and central Europe and North America,0.3,0.2,0.3,0.1,0.1,0.1,0.1,0.1,0.1,13000,9900,18000,NA,NA,NA,13000,9700,17000,NA,NA,NA,NA,400000,550000,2000000,1700000,2300000,2000000,1700000,2300000,0.14,0.11,0.17,0.07,0.06,0.09,NA,NA,NA,71000,57000,86000,72000,57000,86000,,,
2016,Western and central Europe and North America,0.3,0.2,0.3,0.1,0.1,0.1,0.1,0.1,0.1,13000,9400,17000,NA,NA,NA,13000,9200,17000,NA,NA,NA,NA,410000,570000,2100000,1700000,2400000,2100000,1700000,2400000,0.14,0.11,0.17,0.07,0.06,0.09,NA,NA,NA,71000,56000,85000,71000,57000,86000,,,
2017,Western and central Europe and North America,0.3,0.2,0.3,0.1,0.1,0.1,0.1,0.1,0.1,13000,9200,17000,NA,NA,NA,12000,9100,16000,NA,NA,NA,NA,420000,580000,2100000,1800000,2400000,2100000,1800000,2400000,0.13,0.11,0.16,0.07,0.06,0.08,NA,NA,NA,69000,55000,82000,69000,55000,83000,,,
2018,Western and central Europe and North America,0.3,0.2,0.3,0.1,0.1,0.1,0.1,0.1,0.1,12000,9000,16000,NA,NA,NA,12000,8900,16000,NA,NA,NA,NA,430000,590000,2100000,1800000,2500000,2200000,1800000,2500000,0.13,0.11,0.16,0.07,0.05,0.08,NA,NA,NA,67000,53000,80000,67000,54000,81000,,,
2019,Western and central Europe and North America,0.3,0.2,0.3,0.1,0.1,0.1,0.1,0.1,0.1,12000,9100,16000,NA,NA,NA,12000,8900,16000,NA,NA,NA,NA,430000,600000,2200000,1800000,2500000,2200000,1800000,2500000,0.12,0.1,0.15,0.07,0.05,0.08,NA,NA,NA,64000,51000,77000,65000,52000,78000,,,
2020,Western and central Europe and North America,0.3,0.2,0.3,0.1,0.1,0.1,0.1,0.1,0.1,13000,9400,17000,NA,NA,NA,13000,9300,17000,NA,NA,NA,NA,440000,610000,2200000,1900000,2600000,2200000,1900000,2600000,0.12,0.1,0.15,0.06,0.05,0.07,NA,NA,NA,61000,49000,74000,62000,49000,74000,,,
2021,Western and central Europe and North America,0.3,0.2,0.3,0.1,0.1,0.1,0.1,0.1,0.1,13000,9300,17000,NA,NA,NA,12000,9100,17000,NA,NA,NA,NA,450000,620000,2300000,1900000,2600000,2300000,1900000,2600000,0.11,0.09,0.14,0.06,0.05,0.07,NA,NA,NA,59000,47000,70000,59000,47000,71000,,,
2022,Western and central Europe and North America,0.2,0.2,0.3,0.1,0.1,0.1,0.1,0.1,0.1,13000,9300,17000,NA,NA,NA,13000,9200,17000,NA,NA,NA,NA,460000,630000,2300000,1900000,2600000,2300000,1900000,2600000,0.11,0.09,0.14,0.06,0.05,0.07,NA,NA,NA,57000,46000,69000,58000,46000,69000,,,
1990,Caribbean,0.6,0.6,0.7,0.6,0.4,0.8,0.4,0.2,0.5,4900,3500,6500,1600,970,2200,3300,2300,4500,5800,4700,7100,54000,47000,62000,120000,100000,130000,120000,100000,140000,1.47,1.06,1.91,0.95,0.66,1.26,3000,2100,4100,25000,18000,34000,28000,20000,38000,,,
1991,Caribbean,0.7,0.6,0.8,0.7,0.4,1,0.4,0.2,0.6,6200,4500,8300,1900,1200,2600,4400,3100,5900,7200,5800,8800,64000,56000,74000,130000,120000,160000,140000,120000,160000,1.49,1.07,1.92,0.96,0.67,1.29,3400,2300,4600,26000,18000,35000,29000,21000,39000,,,
1992,Caribbean,0.8,0.7,0.9,0.7,0.4,1,0.4,0.3,0.6,7700,5600,10000,2100,1300,3000,5500,3900,7500,8700,7000,11000,73000,64000,85000,150000,130000,180000,160000,140000,190000,1.46,1.06,1.89,0.96,0.67,1.28,3700,2600,5000,26000,18000,35000,29000,21000,39000,,,
1993,Caribbean,0.9,0.8,1,0.8,0.5,1.1,0.4,0.3,0.6,9200,6700,12000,2400,1500,3300,6800,4800,9200,10000,8100,12000,82000,72000,94000,170000,150000,200000,180000,160000,210000,1.44,1.04,1.86,0.94,0.66,1.26,4000,2700,5300,25000,18000,35000,29000,21000,39000,,,
1994,Caribbean,1,0.9,1.1,0.8,0.5,1.1,0.5,0.3,0.7,11000,7800,14000,2600,1600,3600,8100,5800,11000,12000,9300,14000,89000,78000,100000,180000,160000,210000,190000,170000,230000,1.39,1,1.8,0.92,0.64,1.23,4100,2800,5600,25000,17000,34000,29000,20000,39000,,,
1995,Caribbean,1,0.9,1.2,0.8,0.5,1.2,0.5,0.3,0.7,12000,8900,16000,2700,1700,3800,9500,6700,13000,13000,10000,16000,96000,84000,110000,200000,170000,230000,210000,180000,240000,1.37,0.99,1.77,0.91,0.64,1.22,4300,2900,5800,25000,17000,33000,29000,20000,39000,,,
1996,Caribbean,1.1,0.9,1.2,0.8,0.5,1.2,0.5,0.3,0.7,14000,9900,18000,2900,1800,4000,11000,7700,15000,14000,12000,18000,100000,89000,120000,210000,180000,240000,220000,190000,260000,1.33,0.97,1.73,0.89,0.62,1.19,4400,3000,5900,24000,17000,33000,29000,20000,38000,,,
1997,Caribbean,1.1,1,1.3,0.8,0.5,1.2,0.5,0.3,0.7,15000,11000,20000,3000,1800,4200,12000,8600,16000,16000,13000,19000,110000,93000,120000,220000,190000,250000,230000,200000,270000,1.31,0.94,1.69,0.87,0.61,1.17,4400,3000,5900,24000,17000,33000,28000,20000,38000,,,
1998,Caribbean,1.1,1,1.3,0.8,0.5,1.1,0.5,0.3,0.7,16000,12000,22000,3000,1900,4200,13000,9400,18000,17000,13000,20000,110000,96000,130000,220000,190000,260000,240000,210000,280000,1.27,0.92,1.64,0.85,0.59,1.13,4400,3000,5900,24000,16000,32000,28000,20000,37000,,,
1999,Caribbean,1.2,1,1.3,0.8,0.5,1.1,0.5,0.3,0.7,17000,13000,23000,3100,1900,4300,14000,10000,19000,18000,14000,22000,110000,99000,130000,230000,200000,260000,250000,210000,290000,1.21,0.88,1.57,0.81,0.57,1.09,4300,3000,5800,23000,16000,31000,27000,19000,36000,,,
2000,Caribbean,1.2,1,1.3,0.8,0.5,1.1,0.4,0.3,0.6,18000,13000,25000,3100,1900,4400,15000,11000,21000,19000,15000,23000,110000,100000,130000,230000,200000,270000,250000,220000,290000,1.18,0.85,1.53,0.79,0.56,1.06,4300,2900,5800,22000,16000,30000,27000,19000,36000,,,
2001,Caribbean,1.2,1,1.3,0.7,0.4,1,0.4,0.3,0.6,19000,14000,26000,3100,1900,4300,16000,11000,22000,19000,15000,24000,120000,100000,130000,240000,200000,270000,250000,220000,290000,1.11,0.8,1.44,0.75,0.52,1,4100,2800,5500,21000,15000,29000,25000,18000,34000,,,
2002,Caribbean,1.2,1,1.3,0.7,0.4,1,0.4,0.2,0.6,20000,14000,26000,3000,1900,4200,17000,12000,23000,20000,16000,24000,120000,100000,130000,240000,210000,270000,260000,220000,300000,1.07,0.77,1.39,0.72,0.5,0.96,3900,2700,5300,21000,14000,28000,25000,17000,33000,,,
2003,Caribbean,1.1,1,1.3,0.7,0.4,0.9,0.4,0.2,0.6,20000,14000,27000,2900,1800,4100,17000,12000,23000,20000,16000,24000,120000,100000,130000,240000,210000,270000,260000,220000,300000,1.01,0.73,1.3,0.68,0.47,0.91,3700,2600,5000,20000,14000,27000,23000,16000,31000,,,
2004,Caribbean,1.1,1,1.3,0.6,0.4,0.9,0.4,0.2,0.6,20000,14000,26000,2800,1800,4000,17000,12000,23000,20000,16000,24000,110000,100000,130000,240000,210000,270000,260000,220000,300000,0.97,0.7,1.26,0.65,0.46,0.87,3500,2400,4700,19000,13000,26000,23000,16000,31000,,,
2005,Caribbean,1.1,1,1.3,0.6,0.4,0.8,0.4,0.2,0.6,19000,14000,25000,2700,1600,3700,16000,11000,22000,20000,16000,24000,110000,100000,130000,240000,210000,280000,260000,220000,300000,0.93,0.67,1.21,0.62,0.43,0.82,3100,2100,4100,19000,13000,25000,22000,15000,29000,,,
2006,Caribbean,1.1,1,1.3,0.6,0.3,0.8,0.4,0.2,0.6,17000,12000,23000,2400,1500,3400,15000,10000,20000,19000,15000,23000,110000,100000,130000,240000,210000,280000,260000,220000,300000,0.88,0.64,1.14,0.58,0.41,0.78,2700,1800,3600,18000,13000,24000,21000,15000,28000,,,
2007,Caribbean,1.1,1,1.2,0.6,0.3,0.8,0.4,0.2,0.6,15000,11000,21000,2100,1300,3000,13000,9400,18000,18000,15000,22000,120000,100000,130000,240000,210000,280000,260000,230000,300000,0.84,0.61,1.09,0.54,0.38,0.73,2200,1500,3000,17000,12000,24000,20000,14000,26000,,,
2008,Caribbean,1.1,1,1.2,0.5,0.3,0.8,0.4,0.2,0.6,14000,10000,19000,1900,1200,2600,12000,8500,16000,17000,14000,21000,120000,100000,130000,240000,210000,280000,260000,230000,300000,0.81,0.59,1.05,0.52,0.36,0.7,2000,1400,2800,17000,12000,23000,19000,13000,25000,,,
2009,Caribbean,1.1,1,1.2,0.5,0.3,0.8,0.4,0.2,0.6,12000,9100,17000,1700,1000,2300,11000,7700,15000,17000,13000,20000,120000,100000,140000,250000,220000,290000,260000,230000,310000,0.78,0.57,1.02,0.5,0.35,0.67,1900,1300,2500,16000,11000,22000,18000,13000,25000,,,
2010,Caribbean,1.1,1,1.2,0.5,0.3,0.7,0.4,0.2,0.6,12000,8700,16000,1500,940,2100,10000,7400,14000,16000,13000,20000,120000,100000,140000,250000,220000,290000,270000,230000,310000,0.78,0.57,1.01,0.5,0.35,0.67,2000,1400,2700,17000,12000,23000,19000,13000,25000,,,
2011,Caribbean,1.1,1,1.2,0.5,0.3,0.7,0.4,0.2,0.6,12000,8800,16000,1300,820,1900,11000,7600,14000,15000,12000,18000,120000,110000,140000,260000,220000,300000,270000,240000,310000,0.78,0.57,1.02,0.49,0.34,0.65,1400,980,1900,17000,12000,23000,18000,13000,24000,,,
2012,Caribbean,1.1,1,1.2,0.5,0.3,0.8,0.4,0.2,0.6,11000,8200,15000,1100,680,1500,10000,7300,14000,14000,11000,17000,120000,110000,140000,260000,230000,300000,270000,240000,320000,0.76,0.55,0.99,0.47,0.33,0.63,1100,760,1500,16000,11000,22000,17000,12000,23000,,,
2013,Caribbean,1.1,1,1.3,0.5,0.3,0.8,0.4,0.2,0.6,11000,7700,14000,980,600,1400,9600,6800,13000,13000,11000,16000,130000,110000,150000,260000,230000,310000,280000,240000,320000,0.73,0.53,0.95,0.46,0.32,0.61,1300,890,1800,16000,11000,22000,17000,12000,23000,,,
2014,Caribbean,1.1,1,1.3,0.5,0.3,0.8,0.4,0.2,0.6,10000,7300,13000,950,590,1300,9000,6400,12000,13000,10000,16000,130000,110000,150000,270000,230000,310000,280000,250000,330000,0.72,0.52,0.93,0.45,0.31,0.6,1400,930,1800,16000,11000,21000,17000,12000,23000,,,
2015,Caribbean,1.1,1,1.3,0.5,0.3,0.8,0.4,0.2,0.6,9500,7000,13000,950,590,1300,8600,6100,12000,12000,9900,15000,130000,120000,150000,270000,240000,320000,290000,250000,330000,0.71,0.51,0.92,0.44,0.31,0.6,1400,970,1900,16000,11000,21000,17000,12000,23000,,,
2016,Caribbean,1.1,1,1.3,0.5,0.3,0.8,0.4,0.2,0.6,9700,7100,13000,950,590,1300,8800,6300,12000,12000,9500,15000,130000,120000,160000,280000,240000,320000,290000,250000,340000,0.72,0.52,0.93,0.45,0.31,0.6,1500,1000,2000,16000,11000,22000,17000,12000,23000,,,
2017,Caribbean,1.1,1,1.3,0.5,0.3,0.8,0.4,0.2,0.5,8900,6500,12000,990,610,1400,7900,5600,11000,11000,9200,14000,140000,120000,160000,290000,250000,330000,300000,260000,340000,0.71,0.52,0.93,0.44,0.31,0.6,1500,1000,2000,16000,11000,22000,17000,12000,23000,,,
2018,Caribbean,1.1,1,1.3,0.5,0.3,0.8,0.4,0.2,0.5,7600,5600,10000,910,560,1300,6700,4800,9100,11000,8800,13000,140000,120000,160000,290000,250000,340000,300000,260000,350000,0.71,0.51,0.92,0.44,0.31,0.59,1400,960,1900,16000,11000,21000,17000,12000,23000,,,
2019,Caribbean,1.1,1,1.3,0.5,0.3,0.8,0.4,0.2,0.5,6900,5000,9300,840,520,1200,6100,4300,8200,11000,8600,13000,150000,130000,170000,300000,260000,350000,310000,270000,360000,0.7,0.51,0.91,0.43,0.3,0.58,1400,990,1900,16000,11000,21000,17000,12000,23000,,,
2020,Caribbean,1.1,1,1.3,0.5,0.3,0.7,0.4,0.2,0.5,6200,4500,8300,900,560,1300,5300,3800,7100,11000,8600,13000,150000,130000,170000,310000,270000,360000,320000,280000,370000,0.67,0.48,0.87,0.42,0.29,0.56,1700,1100,2200,15000,10000,20000,17000,12000,22000,,,
2021,Caribbean,1.1,1,1.3,0.5,0.3,0.7,0.4,0.2,0.5,5900,4300,7900,890,550,1200,5000,3600,6800,11000,8600,13000,150000,130000,180000,310000,270000,360000,320000,280000,380000,0.65,0.47,0.85,0.41,0.29,0.55,1600,1100,2100,15000,10000,20000,16000,11000,22000,,,
2022,Caribbean,1.2,1,1.3,0.5,0.3,0.7,0.4,0.2,0.5,5600,4100,7500,870,540,1200,4700,3300,6400,11000,8600,13000,160000,140000,180000,320000,280000,370000,330000,290000,380000,0.63,0.46,0.82,0.4,0.28,0.53,1500,1100,2100,14000,10000,19000,16000,11000,21000,,,